-- MySQL dump 10.13  Distrib 8.0.43, for Win64 (x86_64)
--
-- Host: localhost    Database: dulce_pasion
-- ------------------------------------------------------
-- Server version	8.0.43

/*!40101 SET @OLD_CHARACTER_SET_CLIENT=@@CHARACTER_SET_CLIENT */;
/*!40101 SET @OLD_CHARACTER_SET_RESULTS=@@CHARACTER_SET_RESULTS */;
/*!40101 SET @OLD_COLLATION_CONNECTION=@@COLLATION_CONNECTION */;
/*!50503 SET NAMES utf8 */;
/*!40103 SET @OLD_TIME_ZONE=@@TIME_ZONE */;
/*!40103 SET TIME_ZONE='+00:00' */;
/*!40014 SET @OLD_UNIQUE_CHECKS=@@UNIQUE_CHECKS, UNIQUE_CHECKS=0 */;
/*!40014 SET @OLD_FOREIGN_KEY_CHECKS=@@FOREIGN_KEY_CHECKS, FOREIGN_KEY_CHECKS=0 */;
/*!40101 SET @OLD_SQL_MODE=@@SQL_MODE, SQL_MODE='NO_AUTO_VALUE_ON_ZERO' */;
/*!40111 SET @OLD_SQL_NOTES=@@SQL_NOTES, SQL_NOTES=0 */;

--
-- Table structure for table `categoria`
--

DROP TABLE IF EXISTS `categoria`;
/*!40101 SET @saved_cs_client     = @@character_set_client */;
/*!50503 SET character_set_client = utf8mb4 */;
CREATE TABLE `categoria` (
  `id_categoria` int NOT NULL,
  `nombre` varchar(100) DEFAULT NULL,
  `descripcion` varchar(255) DEFAULT NULL,
  `estado` varchar(20) DEFAULT NULL,
  PRIMARY KEY (`id_categoria`)
) ENGINE=InnoDB DEFAULT CHARSET=utf8mb4 COLLATE=utf8mb4_0900_ai_ci;
/*!40101 SET character_set_client = @saved_cs_client */;

--
-- Dumping data for table `categoria`
--

LOCK TABLES `categoria` WRITE;
/*!40000 ALTER TABLE `categoria` DISABLE KEYS */;
INSERT INTO `categoria` VALUES (1,'Galletas Dulces','Categoria de producto dulce','Inactivo'),(2,'Caramelos','Categoria de producto dulce','Activo'),(3,'Galletas Dulces','Categoria de producto dulce','Inactivo'),(4,'Malvaviscos','Categoria de producto dulce','Activo'),(5,'Gomitas','Categoria de producto dulce','Activo'),(6,'Galletas Dulces','Categoria de producto dulce','Inactivo'),(7,'Chocolates','Categoria de producto dulce','Activo'),(8,'Galletas Dulces','Categoria de producto dulce','Activo'),(9,'Gomitas','Categoria de producto dulce','Inactivo'),(10,'Gomitas','Categoria de producto dulce','Inactivo'),(11,'Chocolates','Categoria de producto dulce','Inactivo'),(12,'Chocolates','Categoria de producto dulce','Inactivo'),(13,'Chocolates','Categoria de producto dulce','Activo'),(14,'Malvaviscos','Categoria de producto dulce','Activo'),(15,'Malvaviscos','Categoria de producto dulce','Inactivo'),(16,'Chocolates','Categoria de producto dulce','Inactivo'),(17,'Gomitas','Categoria de producto dulce','Activo'),(18,'Malvaviscos','Categoria de producto dulce','Inactivo'),(19,'Galletas Dulces','Categoria de producto dulce','Inactivo'),(20,'Gomitas','Categoria de producto dulce','Activo'),(21,'Malvaviscos','Categoria de producto dulce','Inactivo'),(22,'Galletas Dulces','Categoria de producto dulce','Inactivo'),(23,'Galletas Dulces','Categoria de producto dulce','Activo'),(24,'Caramelos','Categoria de producto dulce','Inactivo'),(25,'Galletas Dulces','Categoria de producto dulce','Activo'),(26,'Chocolates','Categoria de producto dulce','Inactivo'),(27,'Chocolates','Categoria de producto dulce','Inactivo'),(28,'Galletas Dulces','Categoria de producto dulce','Activo'),(29,'Malvaviscos','Categoria de producto dulce','Inactivo'),(30,'Malvaviscos','Categoria de producto dulce','Activo'),(31,'Gomitas','Categoria de producto dulce','Activo'),(32,'Chocolates','Categoria de producto dulce','Activo'),(33,'Gomitas','Categoria de producto dulce','Activo'),(34,'Galletas Dulces','Categoria de producto dulce','Activo'),(35,'Gomitas','Categoria de producto dulce','Activo'),(36,'Malvaviscos','Categoria de producto dulce','Activo'),(37,'Chocolates','Categoria de producto dulce','Inactivo'),(38,'Galletas Dulces','Categoria de producto dulce','Activo'),(39,'Galletas Dulces','Categoria de producto dulce','Inactivo'),(40,'Caramelos','Categoria de producto dulce','Inactivo'),(41,'Chocolates','Categoria de producto dulce','Activo'),(42,'Gomitas','Categoria de producto dulce','Inactivo'),(43,'Chocolates','Categoria de producto dulce','Activo'),(44,'Malvaviscos','Categoria de producto dulce','Activo'),(45,'Caramelos','Categoria de producto dulce','Activo'),(46,'Malvaviscos','Categoria de producto dulce','Inactivo'),(47,'Chocolates','Categoria de producto dulce','Activo'),(48,'Gomitas','Categoria de producto dulce','Inactivo'),(49,'Malvaviscos','Categoria de producto dulce','Inactivo'),(50,'Malvaviscos','Categoria de producto dulce','Activo'),(51,'Caramelos','Categoria de producto dulce','Activo'),(52,'Caramelos','Categoria de producto dulce','Inactivo'),(53,'Gomitas','Categoria de producto dulce','Activo'),(54,'Chocolates','Categoria de producto dulce','Inactivo'),(55,'Malvaviscos','Categoria de producto dulce','Activo'),(56,'Caramelos','Categoria de producto dulce','Activo'),(57,'Caramelos','Categoria de producto dulce','Inactivo'),(58,'Malvaviscos','Categoria de producto dulce','Activo'),(59,'Malvaviscos','Categoria de producto dulce','Inactivo'),(60,'Chocolates','Categoria de producto dulce','Activo'),(61,'Gomitas','Categoria de producto dulce','Activo'),(62,'Chocolates','Categoria de producto dulce','Activo'),(63,'Galletas Dulces','Categoria de producto dulce','Activo'),(64,'Malvaviscos','Categoria de producto dulce','Activo'),(65,'Malvaviscos','Categoria de producto dulce','Inactivo'),(66,'Chocolates','Categoria de producto dulce','Activo'),(67,'Malvaviscos','Categoria de producto dulce','Inactivo'),(68,'Gomitas','Categoria de producto dulce','Inactivo'),(69,'Malvaviscos','Categoria de producto dulce','Inactivo'),(70,'Caramelos','Categoria de producto dulce','Inactivo'),(71,'Galletas Dulces','Categoria de producto dulce','Activo'),(72,'Galletas Dulces','Categoria de producto dulce','Inactivo'),(73,'Malvaviscos','Categoria de producto dulce','Activo'),(74,'Chocolates','Categoria de producto dulce','Inactivo'),(75,'Malvaviscos','Categoria de producto dulce','Inactivo'),(76,'Chocolates','Categoria de producto dulce','Inactivo'),(77,'Chocolates','Categoria de producto dulce','Inactivo'),(78,'Caramelos','Categoria de producto dulce','Inactivo'),(79,'Chocolates','Categoria de producto dulce','Inactivo'),(80,'Caramelos','Categoria de producto dulce','Inactivo'),(81,'Gomitas','Categoria de producto dulce','Activo'),(82,'Malvaviscos','Categoria de producto dulce','Activo'),(83,'Malvaviscos','Categoria de producto dulce','Activo'),(84,'Malvaviscos','Categoria de producto dulce','Inactivo'),(85,'Chocolates','Categoria de producto dulce','Inactivo'),(86,'Galletas Dulces','Categoria de producto dulce','Activo'),(87,'Gomitas','Categoria de producto dulce','Inactivo'),(88,'Malvaviscos','Categoria de producto dulce','Inactivo'),(89,'Gomitas','Categoria de producto dulce','Activo'),(90,'Gomitas','Categoria de producto dulce','Activo'),(91,'Galletas Dulces','Categoria de producto dulce','Activo'),(92,'Caramelos','Categoria de producto dulce','Activo'),(93,'Chocolates','Categoria de producto dulce','Activo'),(94,'Galletas Dulces','Categoria de producto dulce','Activo'),(95,'Chocolates','Categoria de producto dulce','Activo'),(96,'Chocolates','Categoria de producto dulce','Inactivo'),(97,'Gomitas','Categoria de producto dulce','Activo'),(98,'Malvaviscos','Categoria de producto dulce','Activo'),(99,'Galletas Dulces','Categoria de producto dulce','Activo'),(100,'Chocolates','Categoria de producto dulce','Activo');
/*!40000 ALTER TABLE `categoria` ENABLE KEYS */;
UNLOCK TABLES;

--
-- Table structure for table `cliente`
--

DROP TABLE IF EXISTS `cliente`;
/*!40101 SET @saved_cs_client     = @@character_set_client */;
/*!50503 SET character_set_client = utf8mb4 */;
CREATE TABLE `cliente` (
  `id_cliente` int NOT NULL AUTO_INCREMENT,
  `empresa` varchar(50) NOT NULL,
  `contacto` varchar(50) NOT NULL,
  `email` varchar(100) NOT NULL,
  `telefono` varchar(15) NOT NULL,
  `direccion` varchar(100) NOT NULL,
  `tipo` enum('Minorista','Mayorista','Corporativo') NOT NULL,
  `estado` enum('Activo','Inactivo') NOT NULL,
  `fecha` datetime NOT NULL,
  PRIMARY KEY (`id_cliente`),
  UNIQUE KEY `email` (`email`)
) ENGINE=InnoDB AUTO_INCREMENT=102 DEFAULT CHARSET=utf8mb4 COLLATE=utf8mb4_0900_ai_ci;
/*!40101 SET character_set_client = @saved_cs_client */;

--
-- Dumping data for table `cliente`
--

LOCK TABLES `cliente` WRITE;
/*!40000 ALTER TABLE `cliente` DISABLE KEYS */;
INSERT INTO `cliente` VALUES (1,'Cliente 1','Contacto 1','cliente1@mail.com','3105623073','Direccion 1','Minorista','Activo','2023-05-23 00:00:00'),(2,'Cliente 2','Contacto 2','cliente2@mail.com','3104206635','Direccion 2','Mayorista','Inactivo','2023-01-08 00:00:00'),(3,'Cliente 3','Contacto 3','cliente3@mail.com','3104491640','Direccion 3','Minorista','Inactivo','2024-06-16 00:00:00'),(4,'Cliente 4','Contacto 4','cliente4@mail.com','3108888853','Direccion 4','Corporativo','Inactivo','2022-11-07 00:00:00'),(5,'Cliente 5','Contacto 5','cliente5@mail.com','3108400381','Direccion 5','Corporativo','Inactivo','2023-03-04 00:00:00'),(6,'Cliente 6','Contacto 6','cliente6@mail.com','3101584800','Direccion 6','Minorista','Activo','2023-01-07 00:00:00'),(7,'Cliente 7','Contacto 7','cliente7@mail.com','3107592352','Direccion 7','Minorista','Activo','2024-12-02 00:00:00'),(8,'Cliente 8','Contacto 8','cliente8@mail.com','3103045216','Direccion 8','Mayorista','Activo','2023-03-10 00:00:00'),(9,'Cliente 9','Contacto 9','cliente9@mail.com','3108893400','Direccion 9','Corporativo','Activo','2023-09-15 00:00:00'),(10,'Cliente 10','Contacto 10','cliente10@mail.com','3107699791','Direccion 10','Corporativo','Activo','2023-08-03 00:00:00'),(11,'Cliente 11','Contacto 11','cliente11@mail.com','3106087837','Direccion 11','Corporativo','Activo','2022-07-31 00:00:00'),(12,'Cliente 12','Contacto 12','cliente12@mail.com','3109872743','Direccion 12','Corporativo','Activo','2022-03-10 00:00:00'),(13,'Cliente 13','Contacto 13','cliente13@mail.com','3102849200','Direccion 13','Minorista','Inactivo','2022-03-10 00:00:00'),(14,'Cliente 14','Contacto 14','cliente14@mail.com','3104338548','Direccion 14','Corporativo','Activo','2023-08-02 00:00:00'),(15,'Cliente 15','Contacto 15','cliente15@mail.com','3102784570','Direccion 15','Mayorista','Inactivo','2022-02-07 00:00:00'),(16,'Cliente 16','Contacto 16','cliente16@mail.com','3101205096','Direccion 16','Corporativo','Activo','2022-06-10 00:00:00'),(17,'Cliente 17','Contacto 17','cliente17@mail.com','3103578538','Direccion 17','Corporativo','Inactivo','2022-07-05 00:00:00'),(18,'Cliente 18','Contacto 18','cliente18@mail.com','3105919036','Direccion 18','Minorista','Inactivo','2023-11-30 00:00:00'),(19,'Cliente 19','Contacto 19','cliente19@mail.com','3108850892','Direccion 19','Corporativo','Inactivo','2023-08-20 00:00:00'),(20,'Cliente 20','Contacto 20','cliente20@mail.com','3109688105','Direccion 20','Mayorista','Inactivo','2024-07-04 00:00:00'),(21,'Cliente 21','Contacto 21','cliente21@mail.com','3109381106','Direccion 21','Corporativo','Activo','2024-04-24 00:00:00'),(22,'Cliente 22','Contacto 22','cliente22@mail.com','3109698203','Direccion 22','Minorista','Inactivo','2024-11-14 00:00:00'),(23,'Cliente 23','Contacto 23','cliente23@mail.com','3104072483','Direccion 23','Mayorista','Activo','2024-03-20 00:00:00'),(24,'Cliente 24','Contacto 24','cliente24@mail.com','3102001912','Direccion 24','Minorista','Activo','2022-07-11 00:00:00'),(25,'Cliente 25','Contacto 25','cliente25@mail.com','3101734283','Direccion 25','Corporativo','Inactivo','2023-06-11 00:00:00'),(26,'Cliente 26','Contacto 26','cliente26@mail.com','3103638962','Direccion 26','Mayorista','Inactivo','2022-07-31 00:00:00'),(27,'Cliente 27','Contacto 27','cliente27@mail.com','3109477698','Direccion 27','Corporativo','Activo','2023-12-19 00:00:00'),(28,'Cliente 28','Contacto 28','cliente28@mail.com','3102702586','Direccion 28','Mayorista','Inactivo','2022-07-07 00:00:00'),(29,'Cliente 29','Contacto 29','cliente29@mail.com','3108474354','Direccion 29','Corporativo','Activo','2023-11-06 00:00:00'),(30,'Cliente 30','Contacto 30','cliente30@mail.com','3105481090','Direccion 30','Corporativo','Activo','2024-05-11 00:00:00'),(31,'Cliente 31','Contacto 31','cliente31@mail.com','3107396129','Direccion 31','Corporativo','Activo','2023-01-02 00:00:00'),(32,'Cliente 32','Contacto 32','cliente32@mail.com','3105322449','Direccion 32','Mayorista','Inactivo','2023-09-09 00:00:00'),(33,'Cliente 33','Contacto 33','cliente33@mail.com','3109353994','Direccion 33','Minorista','Activo','2024-09-20 00:00:00'),(34,'Cliente 34','Contacto 34','cliente34@mail.com','3102224549','Direccion 34','Corporativo','Inactivo','2024-03-23 00:00:00'),(35,'Cliente 35','Contacto 35','cliente35@mail.com','3104015297','Direccion 35','Corporativo','Inactivo','2024-05-02 00:00:00'),(36,'Cliente 36','Contacto 36','cliente36@mail.com','3105238153','Direccion 36','Minorista','Activo','2022-01-15 00:00:00'),(37,'Cliente 37','Contacto 37','cliente37@mail.com','3102249825','Direccion 37','Minorista','Activo','2024-02-29 00:00:00'),(38,'Cliente 38','Contacto 38','cliente38@mail.com','3105671821','Direccion 38','Mayorista','Inactivo','2024-05-24 00:00:00'),(39,'Cliente 39','Contacto 39','cliente39@mail.com','3103902892','Direccion 39','Mayorista','Inactivo','2022-03-09 00:00:00'),(40,'Cliente 40','Contacto 40','cliente40@mail.com','3101893885','Direccion 40','Minorista','Activo','2022-09-30 00:00:00'),(41,'Cliente 41','Contacto 41','cliente41@mail.com','3108721482','Direccion 41','Corporativo','Inactivo','2023-12-24 00:00:00'),(42,'Cliente 42','Contacto 42','cliente42@mail.com','3109292090','Direccion 42','Mayorista','Activo','2022-05-14 00:00:00'),(43,'Cliente 43','Contacto 43','cliente43@mail.com','3109316413','Direccion 43','Mayorista','Activo','2024-10-02 00:00:00'),(44,'Cliente 44','Contacto 44','cliente44@mail.com','3109721737','Direccion 44','Corporativo','Activo','2022-09-28 00:00:00'),(45,'Cliente 45','Contacto 45','cliente45@mail.com','3105323717','Direccion 45','Minorista','Inactivo','2023-10-19 00:00:00'),(46,'Cliente 46','Contacto 46','cliente46@mail.com','3106902041','Direccion 46','Corporativo','Inactivo','2023-04-20 00:00:00'),(47,'Cliente 47','Contacto 47','cliente47@mail.com','3106319766','Direccion 47','Mayorista','Activo','2023-01-25 00:00:00'),(48,'Cliente 48','Contacto 48','cliente48@mail.com','3101073291','Direccion 48','Corporativo','Activo','2024-05-28 00:00:00'),(49,'Cliente 49','Contacto 49','cliente49@mail.com','3103957185','Direccion 49','Minorista','Activo','2023-05-04 00:00:00'),(50,'Cliente 50','Contacto 50','cliente50@mail.com','3106024467','Direccion 50','Minorista','Activo','2024-03-15 00:00:00'),(51,'Cliente 51','Contacto 51','cliente51@mail.com','3109295027','Direccion 51','Mayorista','Activo','2024-05-21 00:00:00'),(52,'Cliente 52','Contacto 52','cliente52@mail.com','3104774948','Direccion 52','Minorista','Activo','2024-12-27 00:00:00'),(53,'Cliente 53','Contacto 53','cliente53@mail.com','3106044122','Direccion 53','Minorista','Activo','2022-08-04 00:00:00'),(54,'Cliente 54','Contacto 54','cliente54@mail.com','3108965993','Direccion 54','Mayorista','Inactivo','2024-08-22 00:00:00'),(55,'Cliente 55','Contacto 55','cliente55@mail.com','3101901527','Direccion 55','Mayorista','Activo','2022-07-17 00:00:00'),(56,'Cliente 56','Contacto 56','cliente56@mail.com','3106338630','Direccion 56','Mayorista','Inactivo','2023-07-17 00:00:00'),(57,'Cliente 57','Contacto 57','cliente57@mail.com','3102842517','Direccion 57','Corporativo','Inactivo','2022-12-13 00:00:00'),(58,'Cliente 58','Contacto 58','cliente58@mail.com','3108038296','Direccion 58','Minorista','Inactivo','2024-08-22 00:00:00'),(59,'Cliente 59','Contacto 59','cliente59@mail.com','3106128421','Direccion 59','Minorista','Inactivo','2022-04-25 00:00:00'),(60,'Cliente 60','Contacto 60','cliente60@mail.com','3106256868','Direccion 60','Corporativo','Inactivo','2023-06-11 00:00:00'),(61,'Cliente 61','Contacto 61','cliente61@mail.com','3105301476','Direccion 61','Minorista','Activo','2024-06-09 00:00:00'),(62,'Cliente 62','Contacto 62','cliente62@mail.com','3105794348','Direccion 62','Corporativo','Inactivo','2022-04-18 00:00:00'),(63,'Cliente 63','Contacto 63','cliente63@mail.com','3102612879','Direccion 63','Minorista','Activo','2024-10-29 00:00:00'),(64,'Cliente 64','Contacto 64','cliente64@mail.com','3105661590','Direccion 64','Corporativo','Inactivo','2024-12-17 00:00:00'),(65,'Cliente 65','Contacto 65','cliente65@mail.com','3105801849','Direccion 65','Corporativo','Activo','2022-06-30 00:00:00'),(66,'Cliente 66','Contacto 66','cliente66@mail.com','3104000766','Direccion 66','Corporativo','Activo','2022-05-31 00:00:00'),(67,'Cliente 67','Contacto 67','cliente67@mail.com','3103414232','Direccion 67','Mayorista','Activo','2023-04-21 00:00:00'),(68,'Cliente 68','Contacto 68','cliente68@mail.com','3105064457','Direccion 68','Minorista','Inactivo','2024-07-16 00:00:00'),(69,'Cliente 69','Contacto 69','cliente69@mail.com','3107852280','Direccion 69','Mayorista','Activo','2024-11-23 00:00:00'),(70,'Cliente 70','Contacto 70','cliente70@mail.com','3104981414','Direccion 70','Corporativo','Activo','2024-02-27 00:00:00'),(71,'Cliente 71','Contacto 71','cliente71@mail.com','3108414383','Direccion 71','Minorista','Activo','2024-02-14 00:00:00'),(72,'Cliente 72','Contacto 72','cliente72@mail.com','3103133096','Direccion 72','Mayorista','Inactivo','2022-07-21 00:00:00'),(73,'Cliente 73','Contacto 73','cliente73@mail.com','3105906427','Direccion 73','Corporativo','Inactivo','2022-06-21 00:00:00'),(74,'Cliente 74','Contacto 74','cliente74@mail.com','3105248757','Direccion 74','Mayorista','Activo','2022-05-08 00:00:00'),(75,'Cliente 75','Contacto 75','cliente75@mail.com','3101466525','Direccion 75','Corporativo','Activo','2022-08-19 00:00:00'),(76,'Cliente 76','Contacto 76','cliente76@mail.com','3101633370','Direccion 76','Minorista','Inactivo','2024-07-15 00:00:00'),(77,'Cliente 77','Contacto 77','cliente77@mail.com','3109346047','Direccion 77','Corporativo','Inactivo','2024-10-24 00:00:00'),(78,'Cliente 78','Contacto 78','cliente78@mail.com','3101711819','Direccion 78','Minorista','Inactivo','2023-11-06 00:00:00'),(79,'Cliente 79','Contacto 79','cliente79@mail.com','3102118374','Direccion 79','Mayorista','Activo','2023-12-09 00:00:00'),(80,'Cliente 80','Contacto 80','cliente80@mail.com','3106375711','Direccion 80','Corporativo','Activo','2022-08-19 00:00:00'),(81,'Cliente 81','Contacto 81','cliente81@mail.com','3109447252','Direccion 81','Corporativo','Inactivo','2023-10-21 00:00:00'),(82,'Cliente 82','Contacto 82','cliente82@mail.com','3101762328','Direccion 82','Corporativo','Inactivo','2023-03-09 00:00:00'),(83,'Cliente 83','Contacto 83','cliente83@mail.com','3108624649','Direccion 83','Corporativo','Activo','2023-03-05 00:00:00'),(84,'Cliente 84','Contacto 84','cliente84@mail.com','3109547645','Direccion 84','Corporativo','Inactivo','2022-03-22 00:00:00'),(85,'Cliente 85','Contacto 85','cliente85@mail.com','3103305128','Direccion 85','Mayorista','Inactivo','2023-12-28 00:00:00'),(86,'Cliente 86','Contacto 86','cliente86@mail.com','3101040494','Direccion 86','Mayorista','Inactivo','2022-05-28 00:00:00'),(87,'Cliente 87','Contacto 87','cliente87@mail.com','3109232305','Direccion 87','Mayorista','Activo','2022-09-12 00:00:00'),(88,'Cliente 88','Contacto 88','cliente88@mail.com','3107434554','Direccion 88','Minorista','Activo','2024-10-14 00:00:00'),(89,'Cliente 89','Contacto 89','cliente89@mail.com','3105421053','Direccion 89','Minorista','Activo','2024-01-19 00:00:00'),(90,'Cliente 90','Contacto 90','cliente90@mail.com','3102671206','Direccion 90','Minorista','Inactivo','2024-12-09 00:00:00'),(91,'Cliente 91','Contacto 91','cliente91@mail.com','3107554978','Direccion 91','Corporativo','Activo','2024-09-17 00:00:00'),(92,'Cliente 92','Contacto 92','cliente92@mail.com','3105965240','Direccion 92','Mayorista','Activo','2023-02-14 00:00:00'),(93,'Cliente 93','Contacto 93','cliente93@mail.com','3101906064','Direccion 93','Mayorista','Inactivo','2022-11-22 00:00:00'),(94,'Cliente 94','Contacto 94','cliente94@mail.com','3106100369','Direccion 94','Minorista','Activo','2023-03-11 00:00:00'),(95,'Cliente 95','Contacto 95','cliente95@mail.com','3105032049','Direccion 95','Mayorista','Inactivo','2023-04-22 00:00:00'),(96,'Cliente 96','Contacto 96','cliente96@mail.com','3109441344','Direccion 96','Corporativo','Activo','2022-07-02 00:00:00'),(97,'Cliente 97','Contacto 97','cliente97@mail.com','3106041145','Direccion 97','Minorista','Activo','2022-08-28 00:00:00'),(98,'Cliente 98','Contacto 98','cliente98@mail.com','3106072234','Direccion 98','Minorista','Inactivo','2022-08-04 00:00:00'),(99,'Cliente 99','Contacto 99','cliente99@mail.com','3104607011','Direccion 99','Corporativo','Inactivo','2024-08-13 00:00:00'),(100,'Cliente 100','Contacto 100','cliente100@mail.com','3104092030','Direccion 100','Mayorista','Inactivo','2022-10-26 00:00:00'),(101,'Cliente 101','Contacto 101','cliente101@mail.com','3212541514','Direccion 101','Corporativo','Activo','2026-05-08 19:45:10');
/*!40000 ALTER TABLE `cliente` ENABLE KEYS */;
UNLOCK TABLES;

--
-- Table structure for table `detalle_factura`
--

DROP TABLE IF EXISTS `detalle_factura`;
/*!40101 SET @saved_cs_client     = @@character_set_client */;
/*!50503 SET character_set_client = utf8mb4 */;
CREATE TABLE `detalle_factura` (
  `id_detalle_factura` int NOT NULL,
  `id_factura` int NOT NULL,
  `id_producto` int NOT NULL,
  `cantidad` int NOT NULL,
  `precio` decimal(10,2) NOT NULL,
  `subtotal` decimal(10,2) NOT NULL,
  PRIMARY KEY (`id_detalle_factura`),
  KEY `id_factura` (`id_factura`),
  KEY `detalle_factura_ibfk_2` (`id_producto`),
  CONSTRAINT `detalle_factura_ibfk_1` FOREIGN KEY (`id_factura`) REFERENCES `factura` (`id_factura`) ON DELETE RESTRICT ON UPDATE CASCADE,
  CONSTRAINT `detalle_factura_ibfk_2` FOREIGN KEY (`id_producto`) REFERENCES `producto` (`id_producto`)
) ENGINE=InnoDB DEFAULT CHARSET=utf8mb4 COLLATE=utf8mb4_0900_ai_ci;
/*!40101 SET character_set_client = @saved_cs_client */;

--
-- Dumping data for table `detalle_factura`
--

LOCK TABLES `detalle_factura` WRITE;
/*!40000 ALTER TABLE `detalle_factura` DISABLE KEYS */;
INSERT INTO `detalle_factura` VALUES (1,67,33,8,5.92,47.36),(2,39,79,9,11.86,106.74),(3,7,49,18,2.15,38.70),(4,50,67,8,10.75,86.00),(5,76,98,13,11.92,154.96),(6,73,17,2,5.42,10.84),(7,83,41,9,5.21,46.89),(8,94,46,1,5.15,5.15),(9,74,24,10,5.89,58.90),(10,69,90,18,7.38,132.84),(11,40,63,4,14.34,57.36),(12,24,11,2,7.03,14.06),(13,81,93,15,12.90,193.50),(14,67,29,11,1.38,15.18),(15,100,74,18,13.98,251.64),(16,67,26,20,8.49,169.80),(17,6,12,17,10.86,184.62),(18,61,5,18,14.58,262.44),(19,86,49,14,14.38,201.32),(20,52,95,5,10.24,51.20),(21,35,33,19,8.52,161.88),(22,3,25,3,13.55,40.65),(23,40,22,2,9.36,18.72),(24,53,31,20,5.52,110.40),(25,72,60,14,4.06,56.84),(26,28,50,6,2.27,13.62),(27,63,41,18,13.06,235.08),(28,19,33,18,1.86,33.48),(29,49,45,3,4.98,14.94),(30,70,87,19,9.17,174.23),(31,32,35,8,8.86,70.88),(32,38,63,10,5.24,52.40),(33,65,83,9,5.17,46.53),(34,81,28,11,10.20,112.20),(35,64,87,16,7.62,121.92),(36,77,15,11,1.65,18.15),(37,76,68,4,3.45,13.80),(38,17,70,4,5.32,21.28),(39,73,3,19,8.89,168.91),(40,52,55,18,6.26,112.68),(41,29,23,17,3.82,64.94),(42,97,72,14,4.47,62.58),(43,39,22,17,11.39,193.63),(44,33,61,17,14.33,243.61),(45,63,64,15,6.44,96.60),(46,94,79,12,14.45,173.40),(47,32,96,4,3.48,13.92),(48,57,76,9,1.68,15.12),(49,72,75,12,7.64,91.68),(50,50,2,9,7.72,69.48),(51,45,4,18,12.10,217.80),(52,92,50,18,1.05,18.90),(53,44,70,6,9.16,54.96),(54,26,86,9,3.95,35.55),(55,88,37,14,12.07,168.98),(56,55,12,7,13.35,93.45),(57,69,64,1,3.97,3.97),(58,78,64,14,9.84,137.76),(59,98,8,13,5.10,66.30),(60,8,39,9,13.29,119.61),(61,61,67,12,8.81,105.72),(62,87,3,17,12.55,213.35),(63,84,79,6,6.65,39.90),(64,44,55,18,12.18,219.24),(65,20,96,15,9.61,144.15),(66,19,67,5,14.18,70.90),(67,28,9,3,3.08,9.24),(68,59,98,3,2.92,8.76),(69,52,28,16,8.72,139.52),(70,20,83,6,4.80,28.80),(71,68,45,18,4.57,82.26),(72,2,44,15,7.81,117.15),(73,48,83,18,3.37,60.66),(74,12,94,14,3.17,44.38),(75,14,51,10,12.60,126.00),(76,99,22,7,9.79,68.53),(77,40,21,3,13.74,41.22),(78,50,69,1,5.45,5.45),(79,17,58,4,8.03,32.12),(80,97,54,18,1.78,32.04),(81,53,8,6,2.90,17.40),(82,25,43,9,14.75,132.75),(83,27,6,12,13.02,156.24),(84,48,94,5,9.48,47.40),(85,84,16,16,10.94,175.04),(86,6,32,14,10.20,142.80),(87,86,51,11,11.72,128.92),(88,87,1,18,6.29,113.22),(89,7,100,9,6.07,54.63),(90,50,60,5,3.06,15.30),(91,74,71,4,5.59,22.36),(92,30,47,12,13.95,167.40),(93,64,83,10,9.59,95.90),(94,27,53,18,10.88,195.84),(95,24,96,8,2.65,21.20),(96,75,68,11,14.38,158.18),(97,69,45,4,3.78,15.12),(98,17,83,12,2.42,29.04),(99,35,38,19,7.41,140.79),(100,6,80,9,11.31,101.79);
/*!40000 ALTER TABLE `detalle_factura` ENABLE KEYS */;
UNLOCK TABLES;

--
-- Table structure for table `detalle_orden`
--

DROP TABLE IF EXISTS `detalle_orden`;
/*!40101 SET @saved_cs_client     = @@character_set_client */;
/*!50503 SET character_set_client = utf8mb4 */;
CREATE TABLE `detalle_orden` (
  `id_detalle_orden` int NOT NULL,
  `id_orden` int NOT NULL,
  `id_materias` int NOT NULL,
  `cantidad` int NOT NULL,
  `precio` decimal(10,2) NOT NULL,
  `subtotal` decimal(10,2) NOT NULL,
  PRIMARY KEY (`id_detalle_orden`),
  KEY `id_orden` (`id_orden`),
  KEY `id_materias` (`id_materias`),
  CONSTRAINT `detalle_orden_ibfk_1` FOREIGN KEY (`id_orden`) REFERENCES `orden_compra` (`id_orden`) ON DELETE RESTRICT ON UPDATE CASCADE,
  CONSTRAINT `detalle_orden_ibfk_2` FOREIGN KEY (`id_materias`) REFERENCES `materiasprimas` (`id_materias`) ON DELETE RESTRICT ON UPDATE CASCADE
) ENGINE=InnoDB DEFAULT CHARSET=utf8mb4 COLLATE=utf8mb4_0900_ai_ci;
/*!40101 SET character_set_client = @saved_cs_client */;

--
-- Dumping data for table `detalle_orden`
--

LOCK TABLES `detalle_orden` WRITE;
/*!40000 ALTER TABLE `detalle_orden` DISABLE KEYS */;
INSERT INTO `detalle_orden` VALUES (1,4,98,39,6.59,257.01),(2,26,15,8,14.31,114.48),(3,73,17,15,9.91,148.65),(4,3,92,46,8.10,372.60),(5,78,5,28,13.60,380.80),(6,71,50,24,16.33,391.92),(7,47,32,19,8.36,158.84),(8,75,54,40,3.78,151.20),(9,83,94,4,18.28,73.12),(10,2,59,46,6.69,307.74),(11,96,10,32,2.46,78.72),(12,57,14,18,19.17,345.06),(13,70,1,4,3.29,13.16),(14,8,95,5,9.54,47.70),(15,15,52,50,4.18,209.00),(16,62,67,30,16.54,496.20),(17,75,8,32,14.87,475.84),(18,95,99,6,15.31,91.86),(19,97,32,8,8.29,66.32),(20,19,41,44,7.05,310.20),(21,39,77,17,8.60,146.20),(22,1,55,26,1.30,33.80),(23,38,82,42,15.87,666.54),(24,43,72,35,7.24,253.40),(25,43,61,28,2.73,76.44),(26,12,65,23,10.66,245.18),(27,26,50,13,17.49,227.37),(28,91,9,30,3.61,108.30),(29,13,26,29,17.16,497.64),(30,55,80,31,16.39,508.09),(31,52,69,37,5.82,215.34),(32,71,43,49,7.32,358.68),(33,82,42,34,7.15,243.10),(34,23,72,38,4.17,158.46),(35,8,62,50,16.47,823.50),(36,49,7,9,1.17,10.53),(37,63,41,21,9.36,196.56),(38,63,22,8,10.26,82.08),(39,83,79,15,2.47,37.05),(40,3,76,29,11.17,323.93),(41,45,30,1,5.41,5.41),(42,90,46,29,15.39,446.31),(43,32,61,12,5.07,60.84),(44,7,38,32,4.56,145.92),(45,100,32,24,17.51,420.24),(46,100,67,29,13.28,385.12),(47,82,90,49,19.93,976.57),(48,19,53,21,9.88,207.48),(49,32,28,28,4.34,121.52),(50,2,52,29,16.99,492.71),(51,58,54,32,4.59,146.88),(52,10,38,33,4.39,144.87),(53,71,73,36,16.12,580.32),(54,92,89,41,3.65,149.65),(55,76,76,41,15.21,623.61),(56,19,85,12,9.83,117.96),(57,81,79,41,12.33,505.53),(58,75,44,8,9.84,78.72),(59,55,43,4,1.80,7.20),(60,17,91,11,11.51,126.61),(61,95,71,34,15.93,541.62),(62,12,90,3,11.86,35.58),(63,79,81,24,1.67,40.08),(64,84,94,29,11.63,337.27),(65,53,61,14,12.10,169.40),(66,45,95,37,11.22,415.14),(67,29,23,24,18.91,453.84),(68,83,72,31,12.52,388.12),(69,63,95,4,16.12,64.48),(70,16,16,38,4.68,177.84),(71,81,39,22,18.18,399.96),(72,20,64,16,1.97,31.52),(73,6,33,30,19.25,577.50),(74,49,94,43,14.72,632.96),(75,7,10,41,15.08,618.28),(76,65,48,5,10.23,51.15),(77,23,90,40,16.77,670.80),(78,91,39,10,14.42,144.20),(79,90,75,14,3.61,50.54),(80,57,49,32,5.57,178.24),(81,93,44,47,12.31,578.57),(82,23,25,3,16.17,48.51),(83,39,5,22,16.03,352.66),(84,55,89,16,4.05,64.80),(85,40,59,47,19.72,926.84),(86,65,15,30,12.46,373.80),(87,39,84,40,14.47,578.80),(88,24,49,13,7.54,98.02),(89,21,88,35,10.05,351.75),(90,47,33,3,7.58,22.74),(91,34,80,20,2.37,47.40),(92,78,14,49,8.96,439.04),(93,69,97,10,7.08,70.80),(94,18,56,2,12.49,24.98),(95,7,58,4,9.02,36.08),(96,49,39,24,7.24,173.76),(97,73,82,50,17.72,886.00),(98,7,44,33,4.42,145.86),(99,41,60,2,12.48,24.96),(100,59,78,15,11.04,165.60);
/*!40000 ALTER TABLE `detalle_orden` ENABLE KEYS */;
UNLOCK TABLES;

--
-- Table structure for table `factura`
--

DROP TABLE IF EXISTS `factura`;
/*!40101 SET @saved_cs_client     = @@character_set_client */;
/*!50503 SET character_set_client = utf8mb4 */;
CREATE TABLE `factura` (
  `id_factura` int NOT NULL,
  `id_cliente` int NOT NULL,
  `id_usuario` int NOT NULL,
  `fecha` datetime NOT NULL,
  `entrega` datetime NOT NULL,
  `estado` enum('Pendiente','Pagada','Cancelada') NOT NULL,
  `subtotal` decimal(10,2) NOT NULL,
  `impuestos` decimal(10,2) NOT NULL,
  `total` decimal(10,2) NOT NULL,
  PRIMARY KEY (`id_factura`),
  KEY `id_usuario` (`id_usuario`),
  KEY `factura_ibfk_1` (`id_cliente`),
  CONSTRAINT `factura_ibfk_1` FOREIGN KEY (`id_cliente`) REFERENCES `cliente` (`id_cliente`),
  CONSTRAINT `factura_ibfk_2` FOREIGN KEY (`id_usuario`) REFERENCES `usuario` (`id_usuario`) ON DELETE RESTRICT ON UPDATE CASCADE
) ENGINE=InnoDB DEFAULT CHARSET=utf8mb4 COLLATE=utf8mb4_0900_ai_ci;
/*!40101 SET character_set_client = @saved_cs_client */;

--
-- Dumping data for table `factura`
--

LOCK TABLES `factura` WRITE;
/*!40000 ALTER TABLE `factura` DISABLE KEYS */;
INSERT INTO `factura` VALUES (1,85,91,'2023-01-31 00:00:00','2024-09-24 00:00:00','Pendiente',335.45,63.74,399.19),(2,2,45,'2024-07-18 00:00:00','2023-10-18 00:00:00','Pendiente',245.36,46.62,291.98),(3,36,88,'2024-05-11 00:00:00','2024-08-16 00:00:00','Cancelada',51.91,9.86,61.77),(4,75,35,'2024-04-11 00:00:00','2023-05-16 00:00:00','Pendiente',276.66,52.57,329.23),(5,98,66,'2023-05-28 00:00:00','2024-10-28 00:00:00','Cancelada',382.76,72.72,455.48),(6,17,70,'2023-07-19 00:00:00','2023-04-20 00:00:00','Pagada',443.59,84.28,527.87),(7,85,86,'2024-12-21 00:00:00','2024-09-18 00:00:00','Pagada',303.38,57.64,361.02),(8,74,14,'2024-03-28 00:00:00','2023-02-09 00:00:00','Cancelada',299.46,56.90,356.36),(9,25,62,'2023-09-14 00:00:00','2023-05-01 00:00:00','Pagada',319.13,60.63,379.76),(10,69,21,'2024-02-27 00:00:00','2024-06-15 00:00:00','Pendiente',282.82,53.74,336.56),(11,22,95,'2023-02-12 00:00:00','2024-08-21 00:00:00','Pagada',66.56,12.65,79.21),(12,62,59,'2024-11-01 00:00:00','2023-10-15 00:00:00','Pagada',116.90,22.21,139.11),(13,29,51,'2023-06-13 00:00:00','2024-03-05 00:00:00','Cancelada',193.87,36.84,230.71),(14,8,77,'2023-01-15 00:00:00','2023-01-09 00:00:00','Pendiente',335.97,63.83,399.80),(15,36,43,'2024-06-27 00:00:00','2023-03-28 00:00:00','Pendiente',181.33,34.45,215.78),(16,3,30,'2023-01-08 00:00:00','2024-01-05 00:00:00','Pagada',346.51,65.84,412.35),(17,46,85,'2024-11-06 00:00:00','2024-08-31 00:00:00','Cancelada',237.08,45.05,282.13),(18,60,58,'2023-02-03 00:00:00','2023-02-21 00:00:00','Pendiente',110.66,21.03,131.69),(19,83,59,'2024-08-08 00:00:00','2023-01-27 00:00:00','Pendiente',104.21,19.80,124.01),(20,98,74,'2024-07-12 00:00:00','2024-12-31 00:00:00','Cancelada',261.28,49.64,310.92),(21,11,60,'2024-12-11 00:00:00','2024-06-06 00:00:00','Pendiente',182.92,34.75,217.67),(22,79,9,'2024-10-11 00:00:00','2023-11-28 00:00:00','Pagada',297.81,56.58,354.39),(23,28,97,'2023-08-11 00:00:00','2024-08-29 00:00:00','Pendiente',436.71,82.97,519.68),(24,40,61,'2023-07-30 00:00:00','2023-04-28 00:00:00','Pendiente',189.07,35.92,224.99),(25,7,16,'2023-06-02 00:00:00','2024-08-04 00:00:00','Pagada',99.01,18.81,117.82),(26,49,43,'2023-03-23 00:00:00','2023-01-26 00:00:00','Cancelada',489.92,93.08,583.00),(27,25,12,'2023-09-11 00:00:00','2024-01-02 00:00:00','Pendiente',434.54,82.56,517.10),(28,17,33,'2024-03-20 00:00:00','2024-12-12 00:00:00','Cancelada',332.15,63.11,395.26),(29,41,71,'2023-10-13 00:00:00','2024-05-19 00:00:00','Pagada',158.52,30.12,188.64),(30,24,31,'2024-05-08 00:00:00','2024-02-18 00:00:00','Pendiente',161.22,30.63,191.85),(31,34,89,'2023-09-19 00:00:00','2024-08-25 00:00:00','Pagada',209.24,39.76,249.00),(32,64,5,'2024-03-26 00:00:00','2023-12-05 00:00:00','Cancelada',58.02,11.02,69.04),(33,79,87,'2024-09-15 00:00:00','2023-08-02 00:00:00','Pendiente',150.63,28.62,179.25),(34,71,30,'2024-08-30 00:00:00','2024-08-21 00:00:00','Pagada',255.54,48.55,304.09),(35,12,44,'2023-01-13 00:00:00','2023-10-22 00:00:00','Pendiente',253.97,48.25,302.22),(36,96,95,'2023-11-25 00:00:00','2024-04-15 00:00:00','Pendiente',202.40,38.46,240.86),(37,79,74,'2023-10-23 00:00:00','2023-03-28 00:00:00','Cancelada',374.73,71.20,445.93),(38,18,17,'2024-06-07 00:00:00','2023-10-28 00:00:00','Pendiente',455.47,86.54,542.01),(39,85,43,'2023-12-06 00:00:00','2023-05-31 00:00:00','Cancelada',357.32,67.89,425.21),(40,96,83,'2023-09-30 00:00:00','2023-12-16 00:00:00','Pagada',63.08,11.99,75.07),(41,65,1,'2024-12-19 00:00:00','2024-10-15 00:00:00','Cancelada',113.76,21.61,135.37),(42,57,1,'2024-11-19 00:00:00','2024-12-13 00:00:00','Pagada',307.61,58.45,366.06),(43,87,42,'2023-04-21 00:00:00','2024-11-25 00:00:00','Cancelada',473.86,90.03,563.89),(44,77,33,'2023-02-23 00:00:00','2023-03-02 00:00:00','Pagada',286.50,54.44,340.94),(45,53,76,'2023-11-03 00:00:00','2024-09-12 00:00:00','Cancelada',160.51,30.50,191.01),(46,42,9,'2023-04-09 00:00:00','2024-11-23 00:00:00','Cancelada',299.54,56.91,356.45),(47,79,59,'2024-07-24 00:00:00','2024-03-12 00:00:00','Pagada',76.71,14.57,91.28),(48,52,5,'2023-05-11 00:00:00','2023-03-27 00:00:00','Pagada',348.54,66.22,414.76),(49,46,9,'2024-01-09 00:00:00','2023-02-16 00:00:00','Pendiente',421.06,80.00,501.06),(50,54,49,'2024-11-10 00:00:00','2024-06-19 00:00:00','Cancelada',130.06,24.71,154.77),(51,6,89,'2024-04-14 00:00:00','2023-04-13 00:00:00','Pendiente',260.50,49.49,309.99),(52,17,41,'2023-10-01 00:00:00','2023-03-03 00:00:00','Pendiente',169.86,32.27,202.13),(53,87,42,'2024-09-01 00:00:00','2024-09-26 00:00:00','Cancelada',170.49,32.39,202.88),(54,37,60,'2023-08-05 00:00:00','2024-03-24 00:00:00','Pagada',369.69,70.24,439.93),(55,65,73,'2023-08-26 00:00:00','2023-01-17 00:00:00','Pendiente',79.79,15.16,94.95),(56,31,53,'2023-09-18 00:00:00','2023-05-02 00:00:00','Pagada',406.43,77.22,483.65),(57,58,98,'2023-08-22 00:00:00','2023-09-02 00:00:00','Cancelada',291.83,55.45,347.28),(58,4,91,'2024-03-26 00:00:00','2024-07-20 00:00:00','Pendiente',291.89,55.46,347.35),(59,100,18,'2023-10-11 00:00:00','2023-12-25 00:00:00','Pendiente',280.12,53.22,333.34),(60,62,25,'2024-12-02 00:00:00','2024-05-18 00:00:00','Pendiente',287.95,54.71,342.66),(61,47,4,'2024-10-12 00:00:00','2024-08-05 00:00:00','Pendiente',400.44,76.08,476.52),(62,95,61,'2023-10-18 00:00:00','2023-08-13 00:00:00','Pendiente',152.68,29.01,181.69),(63,86,8,'2024-03-10 00:00:00','2024-09-20 00:00:00','Pagada',231.27,43.94,275.21),(64,11,8,'2024-11-28 00:00:00','2024-04-03 00:00:00','Cancelada',241.25,45.84,287.09),(65,48,53,'2024-09-09 00:00:00','2023-04-20 00:00:00','Cancelada',106.41,20.22,126.63),(66,18,73,'2024-10-26 00:00:00','2024-08-28 00:00:00','Cancelada',86.69,16.47,103.16),(67,64,46,'2024-11-27 00:00:00','2023-07-21 00:00:00','Pendiente',169.66,32.24,201.90),(68,26,88,'2024-04-30 00:00:00','2024-06-08 00:00:00','Pagada',106.78,20.29,127.07),(69,85,35,'2024-04-25 00:00:00','2024-02-25 00:00:00','Pendiente',471.09,89.51,560.60),(70,84,16,'2024-12-29 00:00:00','2024-10-06 00:00:00','Cancelada',131.71,25.02,156.73),(71,11,49,'2024-05-30 00:00:00','2024-06-20 00:00:00','Pagada',132.08,25.10,157.18),(72,38,38,'2023-04-18 00:00:00','2023-05-09 00:00:00','Pendiente',347.24,65.98,413.22),(73,55,65,'2023-10-28 00:00:00','2023-06-12 00:00:00','Pendiente',495.31,94.11,589.42),(74,28,99,'2023-05-31 00:00:00','2023-02-12 00:00:00','Pagada',257.41,48.91,306.32),(75,51,58,'2023-10-15 00:00:00','2023-04-05 00:00:00','Cancelada',55.07,10.46,65.53),(76,38,26,'2024-04-06 00:00:00','2023-05-28 00:00:00','Cancelada',402.28,76.43,478.71),(77,22,73,'2023-05-01 00:00:00','2024-02-03 00:00:00','Pendiente',105.25,20.00,125.25),(78,31,79,'2024-06-05 00:00:00','2023-09-25 00:00:00','Pagada',98.78,18.77,117.55),(79,63,90,'2023-05-25 00:00:00','2024-09-14 00:00:00','Cancelada',318.98,60.61,379.59),(80,16,9,'2024-04-28 00:00:00','2023-10-27 00:00:00','Pagada',331.00,62.89,393.89),(81,90,24,'2024-09-06 00:00:00','2023-07-02 00:00:00','Pagada',472.51,89.78,562.29),(82,15,64,'2024-02-02 00:00:00','2023-07-30 00:00:00','Pendiente',460.89,87.57,548.46),(83,95,43,'2023-10-01 00:00:00','2023-12-25 00:00:00','Pendiente',253.43,48.15,301.58),(84,27,16,'2023-06-16 00:00:00','2023-11-13 00:00:00','Cancelada',492.22,93.52,585.74),(85,28,83,'2024-12-17 00:00:00','2024-04-26 00:00:00','Pagada',192.80,36.63,229.43),(86,95,72,'2023-08-09 00:00:00','2024-06-13 00:00:00','Cancelada',204.74,38.90,243.64),(87,8,21,'2024-05-23 00:00:00','2024-02-25 00:00:00','Pendiente',259.13,49.23,308.36),(88,77,72,'2023-08-17 00:00:00','2023-08-29 00:00:00','Pendiente',234.92,44.63,279.55),(89,12,66,'2024-04-11 00:00:00','2023-12-18 00:00:00','Pendiente',101.11,19.21,120.32),(90,23,89,'2024-06-27 00:00:00','2024-12-29 00:00:00','Cancelada',107.84,20.49,128.33),(91,24,9,'2024-02-10 00:00:00','2023-01-08 00:00:00','Pagada',493.31,93.73,587.04),(92,31,6,'2023-07-16 00:00:00','2024-03-29 00:00:00','Pendiente',65.46,12.44,77.90),(93,11,97,'2024-09-17 00:00:00','2023-08-02 00:00:00','Cancelada',133.63,25.39,159.02),(94,44,22,'2023-11-26 00:00:00','2024-06-10 00:00:00','Cancelada',197.59,37.54,235.13),(95,91,86,'2024-07-17 00:00:00','2024-06-02 00:00:00','Pagada',216.89,41.21,258.10),(96,11,5,'2023-03-13 00:00:00','2023-08-22 00:00:00','Pendiente',487.62,92.65,580.27),(97,44,41,'2023-03-09 00:00:00','2023-05-20 00:00:00','Pendiente',328.51,62.42,390.93),(98,64,97,'2023-07-06 00:00:00','2024-01-15 00:00:00','Pendiente',478.02,90.82,568.84),(99,17,3,'2024-03-30 00:00:00','2024-09-21 00:00:00','Pagada',125.06,23.76,148.82),(100,28,95,'2024-03-10 00:00:00','2024-08-10 00:00:00','Pendiente',456.19,86.68,542.87);
/*!40000 ALTER TABLE `factura` ENABLE KEYS */;
UNLOCK TABLES;

--
-- Table structure for table `inventario`
--

DROP TABLE IF EXISTS `inventario`;
/*!40101 SET @saved_cs_client     = @@character_set_client */;
/*!50503 SET character_set_client = utf8mb4 */;
CREATE TABLE `inventario` (
  `id_inventario` int NOT NULL AUTO_INCREMENT,
  `id_producto` int DEFAULT NULL,
  `stock` int DEFAULT NULL,
  `ubicacion` varchar(50) DEFAULT NULL,
  `fecha` datetime DEFAULT NULL,
  `estado` varchar(20) DEFAULT NULL,
  PRIMARY KEY (`id_inventario`),
  KEY `inventario_ibfk_1` (`id_producto`),
  CONSTRAINT `inventario_ibfk_1` FOREIGN KEY (`id_producto`) REFERENCES `producto` (`id_producto`)
) ENGINE=InnoDB AUTO_INCREMENT=102 DEFAULT CHARSET=utf8mb4 COLLATE=utf8mb4_0900_ai_ci;
/*!40101 SET character_set_client = @saved_cs_client */;

--
-- Dumping data for table `inventario`
--

LOCK TABLES `inventario` WRITE;
/*!40000 ALTER TABLE `inventario` DISABLE KEYS */;
INSERT INTO `inventario` VALUES (1,87,69,'Bodega 3','2024-09-12 00:00:00','Agotado'),(2,16,69,'Bodega 5','2023-11-29 00:00:00','Disponible'),(3,93,292,'Bodega 4','2023-10-19 00:00:00','Disponible'),(4,40,405,'Bodega 4','2024-09-17 00:00:00','Agotado'),(5,88,41,'Bodega 1','2023-06-26 00:00:00','Agotado'),(6,93,307,'Bodega 1','2024-07-06 00:00:00','Agotado'),(7,17,305,'Bodega 4','2023-03-27 00:00:00','Agotado'),(8,26,315,'Bodega 3','2023-11-15 00:00:00','Disponible'),(9,91,82,'Bodega 3','2024-11-11 00:00:00','Disponible'),(10,74,127,'Bodega 5','2023-10-08 00:00:00','Disponible'),(11,40,498,'Bodega 4','2024-03-22 00:00:00','Disponible'),(12,33,184,'Bodega 4','2024-11-13 00:00:00','Agotado'),(13,36,413,'Principal','2023-07-14 00:00:00','Agotado'),(14,15,139,'Bodega 3','2023-10-08 00:00:00','Agotado'),(15,85,82,'Bodega 2','2023-04-07 00:00:00','Agotado'),(16,27,194,'Bodega 2','2024-07-11 00:00:00','Disponible'),(17,63,297,'Bodega 1','2023-11-14 00:00:00','Disponible'),(18,34,27,'Bodega 5','2024-01-01 00:00:00','Agotado'),(19,78,69,'Bodega 5','2024-08-10 00:00:00','Agotado'),(20,20,7,'Bodega 1','2023-12-12 00:00:00','Agotado'),(21,42,420,'Bodega 5','2023-08-23 00:00:00','Disponible'),(22,81,135,'Bodega 3','2023-08-18 00:00:00','Disponible'),(23,93,38,'Bodega 2','2023-06-21 00:00:00','Agotado'),(24,49,0,'Bodega 5','2023-06-21 00:00:00','Agotado'),(25,50,127,'Bodega 3','2023-09-27 00:00:00','Disponible'),(26,76,120,'Bodega 2','2023-02-22 00:00:00','Agotado'),(27,66,154,'Bodega 3','2024-10-17 00:00:00','Agotado'),(28,83,240,'Bodega 4','2023-09-22 00:00:00','Agotado'),(29,27,289,'Bodega 2','2023-01-09 00:00:00','Agotado'),(30,27,217,'Bodega 2','2024-07-10 00:00:00','Disponible'),(31,5,174,'Bodega 2','2024-08-24 00:00:00','Disponible'),(32,93,37,'Bodega 1','2024-01-18 00:00:00','Disponible'),(33,62,426,'Bodega 2','2023-02-17 00:00:00','Agotado'),(34,31,264,'Bodega 3','2023-10-01 00:00:00','Disponible'),(35,30,122,'Bodega 1','2024-07-13 00:00:00','Agotado'),(36,2,405,'Bodega 1','2024-03-26 00:00:00','Disponible'),(37,84,78,'Bodega 5','2023-10-24 00:00:00','Agotado'),(38,14,390,'Bodega 2','2023-04-30 00:00:00','Disponible'),(39,46,492,'Bodega 1','2024-12-18 00:00:00','Agotado'),(40,80,284,'Bodega 2','2024-10-23 00:00:00','Disponible'),(41,57,279,'Bodega 2','2024-12-22 00:00:00','Disponible'),(42,23,115,'Bodega 4','2023-03-06 00:00:00','Disponible'),(43,45,182,'Bodega 3','2024-08-23 00:00:00','Disponible'),(44,24,179,'Bodega 2','2024-05-18 00:00:00','Agotado'),(45,35,138,'Bodega 4','2024-06-13 00:00:00','Disponible'),(46,89,336,'Bodega 4','2024-07-19 00:00:00','Disponible'),(47,38,372,'Bodega 5','2024-08-29 00:00:00','Disponible'),(48,97,387,'Bodega 5','2023-03-09 00:00:00','Disponible'),(49,21,305,'Bodega 1','2023-02-04 00:00:00','Disponible'),(50,22,22,'Bodega 3','2024-10-26 00:00:00','Agotado'),(51,35,329,'Bodega 1','2023-09-11 00:00:00','Agotado'),(52,17,295,'Bodega 4','2023-08-25 00:00:00','Agotado'),(53,45,261,'Bodega 4','2024-06-01 00:00:00','Disponible'),(54,29,324,'Bodega 3','2024-06-17 00:00:00','Disponible'),(55,29,187,'Bodega 2','2024-04-08 00:00:00','Disponible'),(56,98,462,'Bodega 1','2024-03-17 00:00:00','Agotado'),(57,71,366,'Bodega 3','2023-01-28 00:00:00','Agotado'),(58,83,283,'Bodega 4','2024-07-17 00:00:00','Disponible'),(59,72,443,'Bodega 3','2024-03-13 00:00:00','Disponible'),(60,2,374,'Bodega 1','2024-07-20 00:00:00','Agotado'),(61,77,281,'Bodega 4','2023-04-26 00:00:00','Disponible'),(62,7,106,'Bodega 1','2023-12-11 00:00:00','Agotado'),(63,24,494,'Bodega 4','2023-10-21 00:00:00','Disponible'),(64,79,416,'Bodega 4','2023-07-14 00:00:00','Disponible'),(65,27,210,'Bodega 4','2024-02-10 00:00:00','Disponible'),(66,89,42,'Bodega 3','2024-04-22 00:00:00','Agotado'),(67,45,429,'Bodega 4','2024-09-30 00:00:00','Agotado'),(68,3,308,'Bodega 1','2023-12-13 00:00:00','Agotado'),(69,2,277,'Bodega 3','2024-11-16 00:00:00','Disponible'),(70,84,243,'Bodega 5','2024-02-15 00:00:00','Agotado'),(71,100,280,'Bodega 2','2023-07-28 00:00:00','Agotado'),(72,98,8,'Bodega 1','2024-05-23 00:00:00','Agotado'),(73,71,34,'Bodega 2','2023-04-05 00:00:00','Disponible'),(74,54,232,'Bodega 5','2024-11-10 00:00:00','Disponible'),(75,18,470,'Bodega 5','2024-01-15 00:00:00','Disponible'),(76,44,327,'Bodega 2','2024-08-27 00:00:00','Agotado'),(77,72,478,'Bodega 3','2023-11-19 00:00:00','Disponible'),(78,79,51,'Bodega 1','2024-08-03 00:00:00','Agotado'),(79,27,411,'Bodega 1','2024-12-29 00:00:00','Disponible'),(80,24,384,'Bodega 3','2023-09-05 00:00:00','Agotado'),(81,3,283,'Bodega 3','2023-05-29 00:00:00','Disponible'),(82,73,150,'Bodega 5','2023-05-06 00:00:00','Disponible'),(83,12,168,'Bodega 1','2023-01-27 00:00:00','Disponible'),(84,12,343,'Bodega 2','2023-04-19 00:00:00','Agotado'),(85,82,235,'Bodega 1','2024-01-08 00:00:00','Disponible'),(86,25,285,'Bodega 4','2023-08-15 00:00:00','Disponible'),(87,65,365,'Bodega 1','2024-02-23 00:00:00','Disponible'),(88,32,76,'Bodega 5','2024-06-26 00:00:00','Agotado'),(89,49,193,'Bodega 2','2023-04-12 00:00:00','Agotado'),(90,84,220,'Bodega 5','2023-03-19 00:00:00','Disponible'),(91,79,133,'Bodega 3','2023-09-16 00:00:00','Disponible'),(92,24,275,'Bodega 4','2023-10-14 00:00:00','Disponible'),(93,95,409,'Bodega 3','2023-02-23 00:00:00','Agotado'),(94,69,475,'Bodega 5','2023-08-23 00:00:00','Disponible'),(95,86,397,'Bodega 2','2023-11-06 00:00:00','Agotado'),(96,82,204,'Bodega 3','2023-10-13 00:00:00','Agotado'),(97,92,196,'Bodega 4','2024-11-09 00:00:00','Disponible'),(98,6,128,'Bodega 2','2023-03-25 00:00:00','Disponible'),(99,96,467,'Bodega 5','2023-03-03 00:00:00','Agotado'),(100,57,418,'Bodega 1','2023-10-27 00:00:00','Agotado'),(101,102,120,'Principal','2026-05-08 20:33:40','Activo');
/*!40000 ALTER TABLE `inventario` ENABLE KEYS */;
UNLOCK TABLES;

--
-- Table structure for table `materiasprimas`
--

DROP TABLE IF EXISTS `materiasprimas`;
/*!40101 SET @saved_cs_client     = @@character_set_client */;
/*!50503 SET character_set_client = utf8mb4 */;
CREATE TABLE `materiasprimas` (
  `id_materias` int NOT NULL,
  `nombre` varchar(100) DEFAULT NULL,
  `id_proveedor` int DEFAULT NULL,
  `unidad` varchar(20) DEFAULT NULL,
  `costo` decimal(10,2) DEFAULT NULL,
  `stock_min` int DEFAULT NULL,
  `estado` varchar(20) DEFAULT NULL,
  PRIMARY KEY (`id_materias`),
  KEY `id_proveedor` (`id_proveedor`),
  CONSTRAINT `materiasprimas_ibfk_1` FOREIGN KEY (`id_proveedor`) REFERENCES `proveedor` (`id_proveedor`)
) ENGINE=InnoDB DEFAULT CHARSET=utf8mb4 COLLATE=utf8mb4_0900_ai_ci;
/*!40101 SET character_set_client = @saved_cs_client */;

--
-- Dumping data for table `materiasprimas`
--

LOCK TABLES `materiasprimas` WRITE;
/*!40000 ALTER TABLE `materiasprimas` DISABLE KEYS */;
INSERT INTO `materiasprimas` VALUES (1,'Ingrediente 1',62,'kg',4.89,45,'Activo'),(2,'Ingrediente 2',17,'kg',7.29,29,'Activo'),(3,'Ingrediente 3',88,'kg',7.61,53,'Activo'),(4,'Ingrediente 4',5,'kg',5.19,32,'Activo'),(5,'Ingrediente 5',95,'kg',18.26,100,'Activo'),(6,'Ingrediente 6',77,'kg',3.35,10,'Activo'),(7,'Ingrediente 7',91,'kg',16.80,52,'Activo'),(8,'Ingrediente 8',38,'kg',10.72,57,'Activo'),(9,'Ingrediente 9',61,'kg',17.05,44,'Activo'),(10,'Ingrediente 10',41,'kg',10.39,42,'Activo'),(11,'Ingrediente 11',21,'kg',10.89,89,'Activo'),(12,'Ingrediente 12',82,'kg',12.80,91,'Activo'),(13,'Ingrediente 13',2,'kg',5.53,57,'Activo'),(14,'Ingrediente 14',35,'kg',9.16,52,'Activo'),(15,'Ingrediente 15',75,'kg',2.15,51,'Activo'),(16,'Ingrediente 16',83,'kg',12.84,70,'Activo'),(17,'Ingrediente 17',74,'kg',4.66,88,'Activo'),(18,'Ingrediente 18',84,'kg',16.29,20,'Activo'),(19,'Ingrediente 19',1,'kg',11.92,34,'Activo'),(20,'Ingrediente 20',30,'kg',9.17,97,'Activo'),(21,'Ingrediente 21',84,'kg',4.70,34,'Activo'),(22,'Ingrediente 22',29,'kg',9.14,76,'Activo'),(23,'Ingrediente 23',25,'kg',5.64,96,'Activo'),(24,'Ingrediente 24',31,'kg',14.41,16,'Activo'),(25,'Ingrediente 25',4,'kg',15.15,43,'Activo'),(26,'Ingrediente 26',2,'kg',1.27,13,'Activo'),(27,'Ingrediente 27',81,'kg',9.76,79,'Activo'),(28,'Ingrediente 28',40,'kg',3.88,26,'Activo'),(29,'Ingrediente 29',22,'kg',9.70,57,'Activo'),(30,'Ingrediente 30',95,'kg',6.28,63,'Activo'),(31,'Ingrediente 31',95,'kg',12.96,25,'Activo'),(32,'Ingrediente 32',27,'kg',5.93,27,'Activo'),(33,'Ingrediente 33',35,'kg',6.58,98,'Activo'),(34,'Ingrediente 34',55,'kg',17.49,60,'Activo'),(35,'Ingrediente 35',56,'kg',16.71,99,'Activo'),(36,'Ingrediente 36',96,'kg',9.29,12,'Activo'),(37,'Ingrediente 37',88,'kg',2.90,78,'Activo'),(38,'Ingrediente 38',24,'kg',3.15,79,'Activo'),(39,'Ingrediente 39',23,'kg',10.81,23,'Activo'),(40,'Ingrediente 40',1,'kg',16.59,15,'Activo'),(41,'Ingrediente 41',48,'kg',3.68,24,'Activo'),(42,'Ingrediente 42',14,'kg',18.04,87,'Activo'),(43,'Ingrediente 43',66,'kg',19.11,99,'Activo'),(44,'Ingrediente 44',59,'kg',13.10,70,'Activo'),(45,'Ingrediente 45',1,'kg',14.40,29,'Activo'),(46,'Ingrediente 46',15,'kg',5.43,24,'Activo'),(47,'Ingrediente 47',86,'kg',10.02,78,'Activo'),(48,'Ingrediente 48',29,'kg',18.38,50,'Activo'),(49,'Ingrediente 49',37,'kg',5.35,26,'Activo'),(50,'Ingrediente 50',68,'kg',15.58,12,'Activo'),(51,'Ingrediente 51',80,'kg',5.63,93,'Activo'),(52,'Ingrediente 52',77,'kg',17.08,77,'Activo'),(53,'Ingrediente 53',58,'kg',5.89,53,'Activo'),(54,'Ingrediente 54',11,'kg',2.55,100,'Activo'),(55,'Ingrediente 55',55,'kg',17.64,11,'Activo'),(56,'Ingrediente 56',19,'kg',7.51,42,'Activo'),(57,'Ingrediente 57',56,'kg',3.38,71,'Activo'),(58,'Ingrediente 58',35,'kg',4.33,51,'Activo'),(59,'Ingrediente 59',45,'kg',4.36,60,'Activo'),(60,'Ingrediente 60',12,'kg',5.89,64,'Activo'),(61,'Ingrediente 61',51,'kg',1.45,25,'Activo'),(62,'Ingrediente 62',49,'kg',9.49,69,'Activo'),(63,'Ingrediente 63',99,'kg',16.71,19,'Activo'),(64,'Ingrediente 64',76,'kg',14.13,39,'Activo'),(65,'Ingrediente 65',15,'kg',1.40,85,'Activo'),(66,'Ingrediente 66',51,'kg',18.64,56,'Activo'),(67,'Ingrediente 67',85,'kg',15.00,87,'Activo'),(68,'Ingrediente 68',10,'kg',6.26,45,'Activo'),(69,'Ingrediente 69',12,'kg',15.62,47,'Activo'),(70,'Ingrediente 70',27,'kg',2.47,11,'Activo'),(71,'Ingrediente 71',1,'kg',10.29,45,'Activo'),(72,'Ingrediente 72',54,'kg',1.99,47,'Activo'),(73,'Ingrediente 73',26,'kg',9.89,83,'Activo'),(74,'Ingrediente 74',7,'kg',2.29,67,'Activo'),(75,'Ingrediente 75',75,'kg',7.00,84,'Activo'),(76,'Ingrediente 76',24,'kg',7.82,79,'Activo'),(77,'Ingrediente 77',71,'kg',4.01,95,'Activo'),(78,'Ingrediente 78',74,'kg',8.16,50,'Activo'),(79,'Ingrediente 79',74,'kg',6.56,74,'Activo'),(80,'Ingrediente 80',36,'kg',1.19,36,'Activo'),(81,'Ingrediente 81',12,'kg',15.22,67,'Activo'),(82,'Ingrediente 82',48,'kg',16.73,24,'Activo'),(83,'Ingrediente 83',34,'kg',19.27,15,'Activo'),(84,'Ingrediente 84',8,'kg',11.39,43,'Activo'),(85,'Ingrediente 85',65,'kg',14.17,67,'Activo'),(86,'Ingrediente 86',89,'kg',15.27,50,'Activo'),(87,'Ingrediente 87',37,'kg',15.67,45,'Activo'),(88,'Ingrediente 88',37,'kg',14.39,11,'Activo'),(89,'Ingrediente 89',44,'kg',9.60,100,'Activo'),(90,'Ingrediente 90',21,'kg',12.42,88,'Activo'),(91,'Ingrediente 91',97,'kg',1.08,42,'Activo'),(92,'Ingrediente 92',75,'kg',5.05,69,'Activo'),(93,'Ingrediente 93',99,'kg',15.59,42,'Activo'),(94,'Ingrediente 94',39,'kg',12.10,94,'Activo'),(95,'Ingrediente 95',36,'kg',9.78,42,'Activo'),(96,'Ingrediente 96',37,'kg',3.13,64,'Activo'),(97,'Ingrediente 97',68,'kg',13.21,20,'Activo'),(98,'Ingrediente 98',30,'kg',14.38,98,'Activo'),(99,'Ingrediente 99',48,'kg',17.73,97,'Activo'),(100,'Ingrediente 100',27,'kg',10.59,30,'Activo');
/*!40000 ALTER TABLE `materiasprimas` ENABLE KEYS */;
UNLOCK TABLES;

--
-- Table structure for table `orden_compra`
--

DROP TABLE IF EXISTS `orden_compra`;
/*!40101 SET @saved_cs_client     = @@character_set_client */;
/*!50503 SET character_set_client = utf8mb4 */;
CREATE TABLE `orden_compra` (
  `id_orden` int NOT NULL,
  `id_proveedor` int NOT NULL,
  `fecha_orden` datetime NOT NULL,
  `fecha_entrega` datetime NOT NULL,
  `estado` varchar(20) NOT NULL,
  `total` decimal(10,2) NOT NULL,
  PRIMARY KEY (`id_orden`),
  KEY `id_proveedor` (`id_proveedor`),
  CONSTRAINT `orden_compra_ibfk_1` FOREIGN KEY (`id_proveedor`) REFERENCES `proveedor` (`id_proveedor`) ON DELETE RESTRICT ON UPDATE CASCADE
) ENGINE=InnoDB DEFAULT CHARSET=utf8mb4 COLLATE=utf8mb4_0900_ai_ci;
/*!40101 SET character_set_client = @saved_cs_client */;

--
-- Dumping data for table `orden_compra`
--

LOCK TABLES `orden_compra` WRITE;
/*!40000 ALTER TABLE `orden_compra` DISABLE KEYS */;
INSERT INTO `orden_compra` VALUES (1,34,'2024-04-21 00:00:00','2024-04-28 00:00:00','Cancelada',483.47),(2,72,'2023-02-13 00:00:00','2023-03-05 00:00:00','Pendiente',465.93),(3,36,'2024-04-22 00:00:00','2024-05-02 00:00:00','Pendiente',287.64),(4,6,'2023-09-17 00:00:00','2023-10-07 00:00:00','Pendiente',475.84),(5,39,'2023-05-08 00:00:00','2023-05-14 00:00:00','Pendiente',901.66),(6,29,'2024-09-29 00:00:00','2024-10-09 00:00:00','Recibida',674.21),(7,85,'2024-07-22 00:00:00','2024-08-07 00:00:00','Recibida',297.98),(8,63,'2023-08-30 00:00:00','2023-09-15 00:00:00','Recibida',263.68),(9,29,'2024-01-11 00:00:00','2024-01-25 00:00:00','Recibida',942.65),(10,76,'2024-08-04 00:00:00','2024-08-24 00:00:00','Cancelada',678.64),(11,42,'2024-05-18 00:00:00','2024-05-25 00:00:00','Pendiente',740.05),(12,37,'2023-03-21 00:00:00','2023-03-22 00:00:00','Cancelada',817.24),(13,33,'2023-07-08 00:00:00','2023-07-22 00:00:00','Recibida',814.33),(14,44,'2024-08-05 00:00:00','2024-08-12 00:00:00','Pendiente',128.37),(15,60,'2024-07-18 00:00:00','2024-07-24 00:00:00','Recibida',761.72),(16,10,'2024-05-16 00:00:00','2024-05-30 00:00:00','Recibida',984.75),(17,34,'2024-06-21 00:00:00','2024-07-04 00:00:00','Cancelada',549.72),(18,37,'2024-03-13 00:00:00','2024-04-01 00:00:00','Cancelada',978.58),(19,51,'2023-11-22 00:00:00','2023-12-12 00:00:00','Cancelada',720.71),(20,2,'2023-10-23 00:00:00','2023-10-30 00:00:00','Recibida',298.49),(21,93,'2024-02-10 00:00:00','2024-02-18 00:00:00','Recibida',395.35),(22,49,'2023-03-03 00:00:00','2023-03-14 00:00:00','Pendiente',450.25),(23,16,'2024-03-28 00:00:00','2024-04-09 00:00:00','Recibida',302.83),(24,36,'2023-05-03 00:00:00','2023-05-10 00:00:00','Recibida',276.17),(25,15,'2024-01-27 00:00:00','2024-02-05 00:00:00','Pendiente',116.65),(26,61,'2023-07-23 00:00:00','2023-07-30 00:00:00','Recibida',507.03),(27,91,'2023-08-20 00:00:00','2023-09-03 00:00:00','Cancelada',959.60),(28,90,'2024-01-09 00:00:00','2024-01-21 00:00:00','Recibida',223.41),(29,80,'2024-09-12 00:00:00','2024-09-20 00:00:00','Recibida',666.03),(30,5,'2024-06-14 00:00:00','2024-07-04 00:00:00','Cancelada',602.87),(31,91,'2023-12-20 00:00:00','2023-12-24 00:00:00','Pendiente',397.30),(32,55,'2023-09-23 00:00:00','2023-09-30 00:00:00','Recibida',683.94),(33,29,'2023-05-21 00:00:00','2023-06-05 00:00:00','Pendiente',101.05),(34,1,'2023-10-14 00:00:00','2023-10-19 00:00:00','Cancelada',829.83),(35,93,'2024-07-06 00:00:00','2024-07-11 00:00:00','Recibida',737.16),(36,60,'2023-09-20 00:00:00','2023-10-07 00:00:00','Recibida',281.81),(37,53,'2024-01-07 00:00:00','2024-01-26 00:00:00','Recibida',128.67),(38,15,'2024-10-24 00:00:00','2024-11-02 00:00:00','Recibida',463.96),(39,59,'2023-01-04 00:00:00','2023-01-10 00:00:00','Cancelada',502.79),(40,94,'2023-08-26 00:00:00','2023-09-05 00:00:00','Pendiente',780.47),(41,65,'2023-02-03 00:00:00','2023-02-11 00:00:00','Cancelada',139.27),(42,61,'2024-04-16 00:00:00','2024-04-19 00:00:00','Cancelada',590.39),(43,86,'2023-01-16 00:00:00','2023-01-21 00:00:00','Pendiente',762.11),(44,43,'2024-11-14 00:00:00','2024-11-20 00:00:00','Pendiente',824.99),(45,85,'2023-09-25 00:00:00','2023-10-01 00:00:00','Cancelada',651.59),(46,50,'2024-05-16 00:00:00','2024-05-29 00:00:00','Recibida',636.17),(47,42,'2023-05-19 00:00:00','2023-05-28 00:00:00','Cancelada',230.38),(48,69,'2024-05-04 00:00:00','2024-05-10 00:00:00','Recibida',447.62),(49,60,'2023-11-21 00:00:00','2023-11-25 00:00:00','Cancelada',119.39),(50,48,'2023-05-06 00:00:00','2023-05-14 00:00:00','Recibida',945.27),(51,60,'2023-10-15 00:00:00','2023-10-30 00:00:00','Cancelada',465.05),(52,44,'2024-07-27 00:00:00','2024-08-02 00:00:00','Cancelada',760.24),(53,25,'2024-10-21 00:00:00','2024-11-01 00:00:00','Cancelada',768.05),(54,64,'2024-09-15 00:00:00','2024-10-02 00:00:00','Pendiente',728.66),(55,14,'2024-01-05 00:00:00','2024-01-22 00:00:00','Pendiente',421.05),(56,85,'2024-08-16 00:00:00','2024-08-22 00:00:00','Pendiente',663.16),(57,40,'2024-04-29 00:00:00','2024-05-13 00:00:00','Recibida',836.50),(58,42,'2023-04-27 00:00:00','2023-05-08 00:00:00','Cancelada',785.30),(59,4,'2023-10-24 00:00:00','2023-10-26 00:00:00','Pendiente',355.46),(60,39,'2023-11-17 00:00:00','2023-11-25 00:00:00','Pendiente',752.20),(61,32,'2024-10-30 00:00:00','2024-11-13 00:00:00','Cancelada',352.19),(62,25,'2024-06-09 00:00:00','2024-06-16 00:00:00','Recibida',384.27),(63,29,'2023-06-02 00:00:00','2023-06-16 00:00:00','Recibida',138.37),(64,46,'2023-12-29 00:00:00','2024-01-05 00:00:00','Cancelada',669.97),(65,27,'2023-12-09 00:00:00','2023-12-14 00:00:00','Cancelada',998.63),(66,21,'2023-05-02 00:00:00','2023-05-14 00:00:00','Recibida',144.15),(67,80,'2023-05-07 00:00:00','2023-05-11 00:00:00','Recibida',136.56),(68,48,'2023-10-11 00:00:00','2023-10-22 00:00:00','Pendiente',103.92),(69,43,'2023-05-13 00:00:00','2023-06-01 00:00:00','Pendiente',449.53),(70,1,'2024-08-12 00:00:00','2024-08-13 00:00:00','Pendiente',545.81),(71,42,'2024-04-21 00:00:00','2024-04-26 00:00:00','Recibida',526.34),(72,68,'2023-06-27 00:00:00','2023-07-05 00:00:00','Pendiente',120.91),(73,49,'2023-07-18 00:00:00','2023-08-01 00:00:00','Recibida',732.64),(74,46,'2024-01-08 00:00:00','2024-01-14 00:00:00','Cancelada',440.96),(75,99,'2023-02-28 00:00:00','2023-03-06 00:00:00','Cancelada',804.70),(76,9,'2023-05-21 00:00:00','2023-05-24 00:00:00','Pendiente',567.60),(77,83,'2023-11-07 00:00:00','2023-11-16 00:00:00','Cancelada',866.59),(78,76,'2023-07-25 00:00:00','2023-07-29 00:00:00','Pendiente',538.62),(79,86,'2024-04-03 00:00:00','2024-04-11 00:00:00','Cancelada',697.13),(80,38,'2024-02-01 00:00:00','2024-02-21 00:00:00','Pendiente',881.16),(81,38,'2024-11-03 00:00:00','2024-11-11 00:00:00','Recibida',627.41),(82,96,'2024-10-24 00:00:00','2024-11-05 00:00:00','Pendiente',148.09),(83,32,'2024-08-31 00:00:00','2024-09-18 00:00:00','Recibida',725.57),(84,12,'2023-09-09 00:00:00','2023-09-25 00:00:00','Recibida',293.24),(85,66,'2024-06-15 00:00:00','2024-07-01 00:00:00','Cancelada',376.55),(86,29,'2023-05-13 00:00:00','2023-05-30 00:00:00','Cancelada',516.30),(87,59,'2024-07-09 00:00:00','2024-07-26 00:00:00','Recibida',595.66),(88,37,'2024-03-30 00:00:00','2024-04-14 00:00:00','Recibida',166.61),(89,60,'2023-09-06 00:00:00','2023-09-24 00:00:00','Pendiente',187.36),(90,41,'2023-07-15 00:00:00','2023-07-26 00:00:00','Pendiente',778.01),(91,61,'2023-10-30 00:00:00','2023-11-08 00:00:00','Cancelada',627.02),(92,81,'2023-09-14 00:00:00','2023-09-27 00:00:00','Cancelada',222.68),(93,3,'2024-05-30 00:00:00','2024-06-01 00:00:00','Cancelada',466.50),(94,77,'2023-05-29 00:00:00','2023-06-08 00:00:00','Pendiente',898.90),(95,98,'2024-05-08 00:00:00','2024-05-12 00:00:00','Cancelada',783.48),(96,92,'2024-04-22 00:00:00','2024-04-28 00:00:00','Pendiente',518.93),(97,44,'2023-12-19 00:00:00','2024-01-04 00:00:00','Recibida',174.95),(98,53,'2023-12-21 00:00:00','2024-01-09 00:00:00','Pendiente',367.15),(99,11,'2023-03-13 00:00:00','2023-03-30 00:00:00','Pendiente',253.48),(100,82,'2023-12-09 00:00:00','2023-12-26 00:00:00','Cancelada',837.80);
/*!40000 ALTER TABLE `orden_compra` ENABLE KEYS */;
UNLOCK TABLES;

--
-- Table structure for table `produccion`
--

DROP TABLE IF EXISTS `produccion`;
/*!40101 SET @saved_cs_client     = @@character_set_client */;
/*!50503 SET character_set_client = utf8mb4 */;
CREATE TABLE `produccion` (
  `id_produccion` int NOT NULL,
  `id_producto` int NOT NULL,
  `cantidad` int NOT NULL,
  `inicio` datetime NOT NULL,
  `fin` datetime NOT NULL,
  `estado` enum('Planificada','En Proceso','Completada') NOT NULL,
  `responsable` varchar(50) NOT NULL,
  PRIMARY KEY (`id_produccion`),
  KEY `produccion_ibfk_1` (`id_producto`),
  CONSTRAINT `produccion_ibfk_1` FOREIGN KEY (`id_producto`) REFERENCES `producto` (`id_producto`)
) ENGINE=InnoDB DEFAULT CHARSET=utf8mb4 COLLATE=utf8mb4_0900_ai_ci;
/*!40101 SET character_set_client = @saved_cs_client */;

--
-- Dumping data for table `produccion`
--

LOCK TABLES `produccion` WRITE;
/*!40000 ALTER TABLE `produccion` DISABLE KEYS */;
INSERT INTO `produccion` VALUES (1,81,80,'2024-08-29 00:00:00','2024-09-01 00:00:00','Planificada','Usuario 80'),(2,45,312,'2023-04-23 00:00:00','2023-04-30 00:00:00','En Proceso','Usuario 36'),(3,46,95,'2023-02-13 00:00:00','2023-02-18 00:00:00','En Proceso','Usuario 48'),(4,98,404,'2023-08-14 00:00:00','2023-08-23 00:00:00','Planificada','Usuario 9'),(5,21,472,'2023-07-22 00:00:00','2023-08-01 00:00:00','En Proceso','Usuario 31'),(6,39,14,'2023-08-05 00:00:00','2023-08-06 00:00:00','En Proceso','Usuario 98'),(7,9,51,'2023-03-10 00:00:00','2023-03-15 00:00:00','Completada','Usuario 64'),(8,84,184,'2024-01-04 00:00:00','2024-01-08 00:00:00','Planificada','Usuario 56'),(9,20,123,'2023-04-29 00:00:00','2023-05-07 00:00:00','Planificada','Usuario 33'),(10,23,123,'2023-01-24 00:00:00','2023-01-27 00:00:00','Planificada','Usuario 37'),(11,89,358,'2024-11-13 00:00:00','2024-11-15 00:00:00','Planificada','Usuario 43'),(12,89,144,'2023-09-29 00:00:00','2023-10-08 00:00:00','Planificada','Usuario 34'),(13,17,390,'2024-04-27 00:00:00','2024-05-03 00:00:00','Planificada','Usuario 49'),(14,51,238,'2023-12-20 00:00:00','2023-12-26 00:00:00','En Proceso','Usuario 35'),(15,79,248,'2023-10-23 00:00:00','2023-10-29 00:00:00','Completada','Usuario 11'),(16,20,28,'2023-11-22 00:00:00','2023-11-24 00:00:00','Planificada','Usuario 3'),(17,39,11,'2024-08-12 00:00:00','2024-08-15 00:00:00','En Proceso','Usuario 3'),(18,8,158,'2023-05-15 00:00:00','2023-05-19 00:00:00','En Proceso','Usuario 97'),(19,3,211,'2024-03-17 00:00:00','2024-03-18 00:00:00','Planificada','Usuario 59'),(20,97,414,'2024-09-20 00:00:00','2024-09-25 00:00:00','Completada','Usuario 48'),(21,57,452,'2024-06-30 00:00:00','2024-07-06 00:00:00','Planificada','Usuario 41'),(22,98,356,'2023-04-07 00:00:00','2023-04-10 00:00:00','Completada','Usuario 88'),(23,49,94,'2024-04-08 00:00:00','2024-04-10 00:00:00','Completada','Usuario 73'),(24,20,15,'2024-11-11 00:00:00','2024-11-12 00:00:00','Completada','Usuario 78'),(25,95,469,'2024-05-15 00:00:00','2024-05-18 00:00:00','Completada','Usuario 58'),(26,99,78,'2024-02-21 00:00:00','2024-02-27 00:00:00','Completada','Usuario 2'),(27,53,178,'2024-08-06 00:00:00','2024-08-10 00:00:00','Completada','Usuario 13'),(28,69,157,'2024-01-31 00:00:00','2024-02-09 00:00:00','Completada','Usuario 63'),(29,5,62,'2024-07-27 00:00:00','2024-07-31 00:00:00','Planificada','Usuario 66'),(30,79,52,'2023-06-19 00:00:00','2023-06-28 00:00:00','Completada','Usuario 35'),(31,55,485,'2023-02-03 00:00:00','2023-02-04 00:00:00','Completada','Usuario 29'),(32,15,475,'2023-10-12 00:00:00','2023-10-13 00:00:00','En Proceso','Usuario 73'),(33,59,303,'2024-09-10 00:00:00','2024-09-18 00:00:00','Planificada','Usuario 63'),(34,67,491,'2023-06-02 00:00:00','2023-06-07 00:00:00','Completada','Usuario 47'),(35,71,100,'2024-05-28 00:00:00','2024-05-30 00:00:00','Planificada','Usuario 15'),(36,68,454,'2023-03-19 00:00:00','2023-03-20 00:00:00','En Proceso','Usuario 86'),(37,30,408,'2023-01-15 00:00:00','2023-01-17 00:00:00','Planificada','Usuario 5'),(38,60,433,'2024-10-24 00:00:00','2024-10-30 00:00:00','En Proceso','Usuario 78'),(39,6,403,'2024-01-25 00:00:00','2024-02-01 00:00:00','Completada','Usuario 54'),(40,36,415,'2023-06-19 00:00:00','2023-06-26 00:00:00','Planificada','Usuario 100'),(41,100,407,'2024-06-23 00:00:00','2024-06-30 00:00:00','Planificada','Usuario 23'),(42,56,278,'2023-01-09 00:00:00','2023-01-11 00:00:00','En Proceso','Usuario 60'),(43,90,500,'2024-06-08 00:00:00','2024-06-17 00:00:00','En Proceso','Usuario 73'),(44,93,113,'2023-12-28 00:00:00','2024-01-05 00:00:00','Completada','Usuario 15'),(45,7,124,'2024-05-25 00:00:00','2024-05-26 00:00:00','En Proceso','Usuario 17'),(46,84,52,'2023-10-16 00:00:00','2023-10-20 00:00:00','En Proceso','Usuario 49'),(47,34,137,'2023-07-23 00:00:00','2023-07-27 00:00:00','Completada','Usuario 96'),(48,7,415,'2024-09-01 00:00:00','2024-09-07 00:00:00','Completada','Usuario 34'),(49,60,299,'2023-05-15 00:00:00','2023-05-25 00:00:00','En Proceso','Usuario 19'),(50,98,454,'2024-07-01 00:00:00','2024-07-08 00:00:00','Completada','Usuario 41'),(51,88,124,'2023-10-22 00:00:00','2023-10-23 00:00:00','En Proceso','Usuario 37'),(52,96,396,'2023-01-13 00:00:00','2023-01-21 00:00:00','Completada','Usuario 20'),(53,44,234,'2023-09-25 00:00:00','2023-10-04 00:00:00','Planificada','Usuario 5'),(54,50,186,'2023-01-22 00:00:00','2023-01-27 00:00:00','Completada','Usuario 43'),(55,66,280,'2023-04-20 00:00:00','2023-04-26 00:00:00','Completada','Usuario 32'),(56,4,493,'2024-11-03 00:00:00','2024-11-13 00:00:00','Planificada','Usuario 40'),(57,99,348,'2024-07-17 00:00:00','2024-07-24 00:00:00','Completada','Usuario 75'),(58,25,284,'2023-03-23 00:00:00','2023-03-28 00:00:00','En Proceso','Usuario 51'),(59,15,142,'2024-04-19 00:00:00','2024-04-22 00:00:00','Completada','Usuario 32'),(60,56,212,'2023-08-10 00:00:00','2023-08-11 00:00:00','En Proceso','Usuario 90'),(61,31,98,'2023-03-17 00:00:00','2023-03-26 00:00:00','Completada','Usuario 95'),(62,83,430,'2023-10-26 00:00:00','2023-11-01 00:00:00','Completada','Usuario 12'),(63,65,288,'2023-12-12 00:00:00','2023-12-15 00:00:00','Planificada','Usuario 83'),(64,25,205,'2023-01-29 00:00:00','2023-02-01 00:00:00','Completada','Usuario 90'),(65,63,227,'2023-01-10 00:00:00','2023-01-13 00:00:00','Planificada','Usuario 98'),(66,10,134,'2024-04-16 00:00:00','2024-04-19 00:00:00','En Proceso','Usuario 96'),(67,76,290,'2024-05-02 00:00:00','2024-05-08 00:00:00','Completada','Usuario 3'),(68,87,68,'2024-04-25 00:00:00','2024-04-29 00:00:00','En Proceso','Usuario 29'),(69,27,321,'2024-08-18 00:00:00','2024-08-20 00:00:00','En Proceso','Usuario 66'),(70,30,265,'2023-10-21 00:00:00','2023-10-30 00:00:00','En Proceso','Usuario 95'),(71,75,451,'2024-04-25 00:00:00','2024-04-30 00:00:00','Completada','Usuario 27'),(72,24,330,'2024-04-21 00:00:00','2024-04-28 00:00:00','Planificada','Usuario 62'),(73,34,317,'2023-04-27 00:00:00','2023-05-03 00:00:00','Planificada','Usuario 16'),(74,24,403,'2023-08-16 00:00:00','2023-08-17 00:00:00','Completada','Usuario 11'),(75,20,381,'2024-04-17 00:00:00','2024-04-23 00:00:00','Completada','Usuario 13'),(76,16,330,'2023-07-27 00:00:00','2023-07-29 00:00:00','En Proceso','Usuario 92'),(77,66,167,'2024-04-28 00:00:00','2024-05-06 00:00:00','Planificada','Usuario 52'),(78,73,178,'2024-05-11 00:00:00','2024-05-13 00:00:00','Completada','Usuario 63'),(79,100,478,'2024-03-26 00:00:00','2024-04-05 00:00:00','Planificada','Usuario 100'),(80,54,58,'2023-04-18 00:00:00','2023-04-22 00:00:00','Completada','Usuario 96'),(81,91,177,'2023-10-03 00:00:00','2023-10-11 00:00:00','En Proceso','Usuario 40'),(82,53,305,'2023-07-24 00:00:00','2023-07-26 00:00:00','Planificada','Usuario 51'),(83,36,232,'2023-05-21 00:00:00','2023-05-27 00:00:00','En Proceso','Usuario 31'),(84,30,31,'2024-07-29 00:00:00','2024-08-03 00:00:00','Planificada','Usuario 72'),(85,49,464,'2024-09-13 00:00:00','2024-09-14 00:00:00','Planificada','Usuario 75'),(86,53,29,'2023-05-16 00:00:00','2023-05-23 00:00:00','Completada','Usuario 64'),(87,4,439,'2023-11-17 00:00:00','2023-11-22 00:00:00','Completada','Usuario 5'),(88,3,457,'2024-10-31 00:00:00','2024-11-02 00:00:00','En Proceso','Usuario 72'),(89,94,199,'2024-08-16 00:00:00','2024-08-21 00:00:00','En Proceso','Usuario 69'),(90,23,45,'2023-08-23 00:00:00','2023-09-01 00:00:00','En Proceso','Usuario 72'),(91,80,60,'2023-01-14 00:00:00','2023-01-23 00:00:00','En Proceso','Usuario 5'),(92,3,215,'2024-07-15 00:00:00','2024-07-17 00:00:00','Planificada','Usuario 64'),(93,56,491,'2024-05-12 00:00:00','2024-05-18 00:00:00','Completada','Usuario 17'),(94,88,210,'2023-04-06 00:00:00','2023-04-08 00:00:00','En Proceso','Usuario 60'),(95,94,306,'2023-04-23 00:00:00','2023-04-24 00:00:00','En Proceso','Usuario 50'),(96,91,180,'2023-05-20 00:00:00','2023-05-24 00:00:00','En Proceso','Usuario 89'),(97,2,98,'2023-04-09 00:00:00','2023-04-10 00:00:00','En Proceso','Usuario 41'),(98,1,141,'2023-03-31 00:00:00','2023-04-06 00:00:00','En Proceso','Usuario 82'),(99,81,80,'2023-03-27 00:00:00','2023-04-01 00:00:00','En Proceso','Usuario 12'),(100,27,355,'2023-06-25 00:00:00','2023-07-04 00:00:00','Completada','Usuario 49');
/*!40000 ALTER TABLE `produccion` ENABLE KEYS */;
UNLOCK TABLES;

--
-- Table structure for table `producto`
--

DROP TABLE IF EXISTS `producto`;
/*!40101 SET @saved_cs_client     = @@character_set_client */;
/*!50503 SET character_set_client = utf8mb4 */;
CREATE TABLE `producto` (
  `id_producto` int NOT NULL AUTO_INCREMENT,
  `nombre` varchar(100) DEFAULT NULL,
  `descripcion` varchar(255) DEFAULT NULL,
  `id_categoria` int DEFAULT NULL,
  `precio` decimal(10,2) DEFAULT NULL,
  `costo` decimal(10,2) DEFAULT NULL,
  `margen` decimal(10,2) DEFAULT NULL,
  `estado` varchar(20) DEFAULT NULL,
  `fecha` datetime DEFAULT NULL,
  PRIMARY KEY (`id_producto`),
  KEY `id_categoria` (`id_categoria`),
  CONSTRAINT `producto_ibfk_1` FOREIGN KEY (`id_categoria`) REFERENCES `categoria` (`id_categoria`)
) ENGINE=InnoDB AUTO_INCREMENT=103 DEFAULT CHARSET=utf8mb4 COLLATE=utf8mb4_0900_ai_ci;
/*!40101 SET character_set_client = @saved_cs_client */;

--
-- Dumping data for table `producto`
--

LOCK TABLES `producto` WRITE;
/*!40000 ALTER TABLE `producto` DISABLE KEYS */;
INSERT INTO `producto` VALUES (1,'Producto Dulce 1','Producto de confiteria',1,12.06,7.39,4.67,'Inactivo','2023-02-10 00:00:00'),(2,'Producto Dulce 2','Producto de confiteria',81,16.12,8.50,7.62,'Inactivo','2023-07-19 00:00:00'),(3,'Producto Dulce 3','Producto de confiteria',58,18.32,9.63,8.69,'Activo','2023-10-21 00:00:00'),(4,'Producto Dulce 4','Producto de confiteria',54,9.80,4.56,5.24,'Activo','2024-05-08 00:00:00'),(5,'Producto Dulce 5','Producto de confiteria',61,15.35,9.19,6.16,'Activo','2023-04-06 00:00:00'),(6,'Producto Dulce 6','Producto de confiteria',87,17.05,7.74,9.31,'Inactivo','2023-07-14 00:00:00'),(7,'Producto Dulce 7','Producto de confiteria',91,16.40,7.43,8.97,'Activo','2023-04-26 00:00:00'),(8,'Producto Dulce 8','Producto de confiteria',67,5.05,2.91,2.14,'Activo','2022-07-16 00:00:00'),(9,'Producto Dulce 9','Producto de confiteria',12,11.74,8.85,2.89,'Inactivo','2023-05-03 00:00:00'),(10,'Producto Dulce 10','Producto de confiteria',98,12.60,5.83,6.77,'Activo','2023-04-12 00:00:00'),(11,'Producto Dulce 11','Producto de confiteria',47,6.01,4.29,1.72,'Inactivo','2022-11-18 00:00:00'),(12,'Producto Dulce 12','Producto de confiteria',18,20.72,8.59,12.13,'Inactivo','2024-11-25 00:00:00'),(13,'Producto Dulce 13','Producto de confiteria',38,12.22,8.15,4.07,'Activo','2024-12-10 00:00:00'),(14,'Producto Dulce 14','Producto de confiteria',45,13.48,5.48,8.00,'Inactivo','2022-06-24 00:00:00'),(15,'Producto Dulce 15','Producto de confiteria',49,1.97,1.18,0.79,'Activo','2022-07-22 00:00:00'),(16,'Producto Dulce 16','Producto de confiteria',94,7.56,4.68,2.88,'Activo','2022-01-16 00:00:00'),(17,'Producto Dulce 17','Producto de confiteria',9,22.26,9.11,13.15,'Activo','2023-04-16 00:00:00'),(18,'Producto Dulce 18','Producto de confiteria',88,2.48,1.60,0.88,'Inactivo','2022-05-14 00:00:00'),(19,'Producto Dulce 19','Producto de confiteria',89,19.62,9.85,9.77,'Inactivo','2023-05-16 00:00:00'),(20,'Producto Dulce 20','Producto de confiteria',96,18.44,8.26,10.18,'Inactivo','2023-02-07 00:00:00'),(21,'Producto Dulce 21','Producto de confiteria',52,11.22,6.75,4.47,'Inactivo','2024-07-10 00:00:00'),(22,'Producto Dulce 22','Producto de confiteria',35,12.33,5.84,6.49,'Inactivo','2022-03-16 00:00:00'),(23,'Producto Dulce 23','Producto de confiteria',27,12.70,7.27,5.43,'Activo','2024-05-20 00:00:00'),(24,'Producto Dulce 24','Producto de confiteria',100,15.06,8.10,6.96,'Inactivo','2024-09-21 00:00:00'),(25,'Producto Dulce 25','Producto de confiteria',22,18.59,8.67,9.92,'Inactivo','2024-01-06 00:00:00'),(26,'Producto Dulce 26','Producto de confiteria',73,4.91,3.42,1.49,'Inactivo','2023-05-05 00:00:00'),(27,'Producto Dulce 27','Producto de confiteria',28,4.91,3.45,1.46,'Activo','2022-04-12 00:00:00'),(28,'Producto Dulce 28','Producto de confiteria',82,12.16,9.17,2.99,'Activo','2023-06-10 00:00:00'),(29,'Producto Dulce 29','Producto de confiteria',50,10.16,4.09,6.07,'Activo','2022-07-04 00:00:00'),(30,'Producto Dulce 30','Producto de confiteria',89,21.12,9.12,12.00,'Inactivo','2023-07-09 00:00:00'),(31,'Producto Dulce 31','Producto de confiteria',3,14.08,8.08,6.00,'Activo','2023-11-10 00:00:00'),(32,'Producto Dulce 32','Producto de confiteria',64,19.21,8.77,10.44,'Inactivo','2022-02-27 00:00:00'),(33,'Producto Dulce 33','Producto de confiteria',23,11.50,6.80,4.70,'Inactivo','2022-03-10 00:00:00'),(34,'Producto Dulce 34','Producto de confiteria',22,23.71,9.53,14.18,'Activo','2022-12-04 00:00:00'),(35,'Producto Dulce 35','Producto de confiteria',70,10.36,4.55,5.81,'Activo','2024-01-22 00:00:00'),(36,'Producto Dulce 36','Producto de confiteria',22,15.00,0.00,0.00,'Inactivo','2025-01-01 00:00:00'),(37,'Producto Dulce 37','Producto de confiteria',73,7.03,2.99,4.04,'Activo','2023-07-23 00:00:00'),(38,'Producto Dulce 38','Producto de confiteria',91,20.00,8.49,11.51,'Activo','2023-09-18 00:00:00'),(39,'Producto Dulce 39','Producto de confiteria',77,15.65,7.46,8.19,'Inactivo','2023-09-18 00:00:00'),(40,'Producto Dulce 40','Producto de confiteria',2,7.59,3.10,4.49,'Inactivo','2023-07-17 00:00:00'),(41,'Producto Dulce 41','Producto de confiteria',36,13.19,9.02,4.17,'Inactivo','2024-07-21 00:00:00'),(42,'Producto Dulce 42','Producto de confiteria',89,5.85,3.53,2.32,'Activo','2023-10-05 00:00:00'),(43,'Producto Dulce 43','Producto de confiteria',81,16.73,7.91,8.82,'Activo','2022-01-30 00:00:00'),(44,'Producto Dulce 44','Producto de confiteria',47,7.49,3.67,3.82,'Activo','2024-02-04 00:00:00'),(45,'Producto Dulce 45','Producto de confiteria',10,10.40,4.30,6.10,'Inactivo','2024-06-30 00:00:00'),(46,'Producto Dulce 46','Producto de confiteria',78,5.49,3.59,1.90,'Activo','2024-05-04 00:00:00'),(47,'Producto Dulce 47','Producto de confiteria',8,20.11,9.76,10.35,'Activo','2024-10-19 00:00:00'),(48,'Producto Dulce 48','Producto de confiteria',17,6.28,2.58,3.70,'Inactivo','2023-07-09 00:00:00'),(49,'Producto Dulce 49','Producto de confiteria',91,2.24,1.14,1.10,'Inactivo','2022-05-19 00:00:00'),(50,'Producto Dulce 50','Producto de confiteria',96,2.29,1.27,1.02,'Activo','2024-05-31 00:00:00'),(51,'Producto Dulce 51','Producto de confiteria',21,18.53,8.98,9.55,'Activo','2023-05-15 00:00:00'),(52,'Producto Dulce 52','Producto de confiteria',93,14.16,7.93,6.23,'Activo','2023-12-24 00:00:00'),(53,'Producto Dulce 53','Producto de confiteria',6,12.59,5.83,6.76,'Activo','2024-09-14 00:00:00'),(54,'Producto Dulce 54','Producto de confiteria',76,6.83,4.64,2.19,'Inactivo','2024-06-18 00:00:00'),(55,'Producto Dulce 55','Producto de confiteria',83,7.73,3.83,3.90,'Activo','2023-06-28 00:00:00'),(56,'Producto Dulce 56','Producto de confiteria',55,13.90,5.64,8.26,'Activo','2024-10-27 00:00:00'),(57,'Producto Dulce 57','Producto de confiteria',39,14.74,6.30,8.44,'Activo','2023-03-06 00:00:00'),(58,'Producto Dulce 58','Producto de confiteria',10,16.24,9.42,6.82,'Activo','2023-09-25 00:00:00'),(59,'Producto Dulce 59','Producto de confiteria',24,18.74,7.54,11.20,'Inactivo','2024-04-23 00:00:00'),(60,'Producto Dulce 60','Producto de confiteria',78,9.35,6.01,3.34,'Inactivo','2024-01-11 00:00:00'),(61,'Producto Dulce 61','Producto de confiteria',32,4.48,1.93,2.55,'Inactivo','2023-11-01 00:00:00'),(62,'Producto Dulce 62','Producto de confiteria',26,7.94,5.52,2.42,'Activo','2023-08-01 00:00:00'),(63,'Producto Dulce 63','Producto de confiteria',20,7.14,4.92,2.22,'Inactivo','2024-01-12 00:00:00'),(64,'Producto Dulce 64','Producto de confiteria',24,5.30,2.50,2.80,'Inactivo','2024-02-10 00:00:00'),(65,'Producto Dulce 65','Producto de confiteria',82,13.41,6.92,6.49,'Inactivo','2022-08-01 00:00:00'),(66,'Producto Dulce 66','Producto de confiteria',31,10.56,6.16,4.40,'Activo','2024-02-02 00:00:00'),(67,'Producto Dulce 67','Producto de confiteria',9,13.28,5.38,7.90,'Activo','2024-03-31 00:00:00'),(68,'Producto Dulce 68','Producto de confiteria',18,4.39,3.25,1.14,'Activo','2022-09-24 00:00:00'),(69,'Producto Dulce 69','Producto de confiteria',69,9.23,5.24,3.99,'Activo','2023-08-19 00:00:00'),(70,'Producto Dulce 70','Producto de confiteria',34,5.89,2.64,3.25,'Inactivo','2024-12-28 00:00:00'),(71,'Producto Dulce 71','Producto de confiteria',6,16.21,9.74,6.47,'Activo','2023-03-02 00:00:00'),(72,'Producto Dulce 72','Producto de confiteria',23,4.16,2.20,1.96,'Activo','2022-11-07 00:00:00'),(73,'Producto Dulce 73','Producto de confiteria',86,15.27,9.32,5.95,'Activo','2022-01-17 00:00:00'),(74,'Producto Dulce 74','Producto de confiteria',3,4.36,3.16,1.20,'Inactivo','2023-11-29 00:00:00'),(75,'Producto Dulce 75','Producto de confiteria',17,3.67,2.04,1.63,'Inactivo','2023-07-09 00:00:00'),(76,'Producto Dulce 76','Producto de confiteria',94,6.19,4.49,1.70,'Inactivo','2024-10-30 00:00:00'),(77,'Producto Dulce 77','Producto de confiteria',86,15.39,8.44,6.95,'Activo','2022-07-10 00:00:00'),(78,'Producto Dulce 78','Producto de confiteria',97,10.59,7.05,3.54,'Inactivo','2022-07-01 00:00:00'),(79,'Producto Dulce 79','Producto de confiteria',60,17.34,7.30,10.04,'Inactivo','2023-01-25 00:00:00'),(80,'Producto Dulce 80','Producto de confiteria',48,15.69,6.60,9.09,'Activo','2023-05-11 00:00:00'),(81,'Producto Dulce 81','Producto de confiteria',55,7.98,4.96,3.02,'Activo','2022-10-15 00:00:00'),(82,'Producto Dulce 82','Producto de confiteria',59,9.33,3.76,5.57,'Activo','2024-04-24 00:00:00'),(83,'Producto Dulce 83','Producto de confiteria',37,19.27,9.04,10.23,'Activo','2023-12-10 00:00:00'),(84,'Producto Dulce 84','Producto de confiteria',57,11.06,5.38,5.68,'Inactivo','2023-03-10 00:00:00'),(85,'Producto Dulce 85','Producto de confiteria',73,3.70,2.81,0.89,'Activo','2023-09-16 00:00:00'),(86,'Producto Dulce 86','Producto de confiteria',45,5.96,2.74,3.22,'Activo','2024-06-15 00:00:00'),(87,'Producto Dulce 87','Producto de confiteria',27,10.18,5.88,4.30,'Inactivo','2024-03-20 00:00:00'),(88,'Producto Dulce 88','Producto de confiteria',86,5.34,3.57,1.77,'Inactivo','2022-03-19 00:00:00'),(89,'Producto Dulce 89','Producto de confiteria',83,6.37,4.57,1.80,'Inactivo','2022-09-26 00:00:00'),(90,'Producto Dulce 90','Producto de confiteria',66,11.90,5.53,6.37,'Activo','2023-12-12 00:00:00'),(91,'Producto Dulce 91','Producto de confiteria',89,10.26,7.82,2.44,'Inactivo','2024-10-24 00:00:00'),(92,'Producto Dulce 92','Producto de confiteria',48,17.06,8.19,8.87,'Activo','2024-12-21 00:00:00'),(93,'Producto Dulce 93','Producto de confiteria',13,18.36,8.07,10.29,'Activo','2024-04-21 00:00:00'),(94,'Producto Dulce 94','Producto de confiteria',95,21.05,9.15,11.90,'Inactivo','2023-01-21 00:00:00'),(95,'Producto Dulce 95','Producto de confiteria',54,10.90,4.46,6.44,'Activo','2022-06-13 00:00:00'),(96,'Producto Dulce 96','Producto de confiteria',45,13.29,9.25,4.04,'Activo','2023-08-06 00:00:00'),(97,'Producto Dulce 97','Producto de confiteria',46,8.11,5.04,3.07,'Inactivo','2022-09-25 00:00:00'),(98,'Producto Dulce 98','Producto de confiteria',69,14.65,7.98,6.67,'Activo','2024-06-17 00:00:00'),(99,'Producto Dulce 99','Producto de confiteria',88,5.32,2.30,3.02,'Activo','2024-09-11 00:00:00'),(100,'Producto Dulce 100','Producto de confiteria',53,5.11,3.02,2.09,'Inactivo','2024-07-06 00:00:00'),(102,'Producto Dulce 101','Producto Confiteria',52,16.00,10.00,37.50,'Activo','2026-05-08 20:33:40');
/*!40000 ALTER TABLE `producto` ENABLE KEYS */;
UNLOCK TABLES;

--
-- Table structure for table `proveedor`
--

DROP TABLE IF EXISTS `proveedor`;
/*!40101 SET @saved_cs_client     = @@character_set_client */;
/*!50503 SET character_set_client = utf8mb4 */;
CREATE TABLE `proveedor` (
  `id_proveedor` int NOT NULL,
  `empresa` varchar(100) DEFAULT NULL,
  `contacto` varchar(100) DEFAULT NULL,
  `telefono` varchar(20) DEFAULT NULL,
  `email` varchar(100) DEFAULT NULL,
  `direccion` varchar(150) DEFAULT NULL,
  `estado` varchar(20) DEFAULT NULL,
  PRIMARY KEY (`id_proveedor`)
) ENGINE=InnoDB DEFAULT CHARSET=utf8mb4 COLLATE=utf8mb4_0900_ai_ci;
/*!40101 SET character_set_client = @saved_cs_client */;

--
-- Dumping data for table `proveedor`
--

LOCK TABLES `proveedor` WRITE;
/*!40000 ALTER TABLE `proveedor` DISABLE KEYS */;
INSERT INTO `proveedor` VALUES (1,'Proveedor 3','Contacto 1','3004125955','proveedor1@mail.com','Direccion 1','Activo'),(2,'Proveedor 7','Contacto 2','3005153709','proveedor2@mail.com','Direccion 2','Inactivo'),(3,'Proveedor 9','Contacto 3','3002996203','proveedor3@mail.com','Direccion 3','Activo'),(4,'Proveedor 2','Contacto 4','3001398170','proveedor4@mail.com','Direccion 4','Activo'),(5,'Proveedor 10','Contacto 5','3005460375','proveedor5@mail.com','Direccion 5','Activo'),(6,'Proveedor 9','Contacto 6','3002913512','proveedor6@mail.com','Direccion 6','Inactivo'),(7,'Proveedor 9','Contacto 7','3001102315','proveedor7@mail.com','Direccion 7','Inactivo'),(8,'Proveedor 8','Contacto 8','3001587170','proveedor8@mail.com','Direccion 8','Activo'),(9,'Proveedor 10','Contacto 9','3004104689','proveedor9@mail.com','Direccion 9','Inactivo'),(10,'Proveedor 5','Contacto 10','3007864615','proveedor10@mail.com','Direccion 10','Inactivo'),(11,'Proveedor 9','Contacto 11','3008150182','proveedor11@mail.com','Direccion 11','Inactivo'),(12,'Proveedor 1','Contacto 12','3006507306','proveedor12@mail.com','Direccion 12','Inactivo'),(13,'Proveedor 10','Contacto 13','3002174890','proveedor13@mail.com','Direccion 13','Inactivo'),(14,'Proveedor 5','Contacto 14','3005985678','proveedor14@mail.com','Direccion 14','Inactivo'),(15,'Proveedor 5','Contacto 15','3003286143','proveedor15@mail.com','Direccion 15','Activo'),(16,'Proveedor 10','Contacto 16','3001440979','proveedor16@mail.com','Direccion 16','Activo'),(17,'Proveedor 1','Contacto 17','3003971455','proveedor17@mail.com','Direccion 17','Activo'),(18,'Proveedor 5','Contacto 18','3003963163','proveedor18@mail.com','Direccion 18','Activo'),(19,'Proveedor 5','Contacto 19','3002875531','proveedor19@mail.com','Direccion 19','Activo'),(20,'Proveedor 7','Contacto 20','3008822438','proveedor20@mail.com','Direccion 20','Activo'),(21,'Proveedor 7','Contacto 21','3009302107','proveedor21@mail.com','Direccion 21','Inactivo'),(22,'Proveedor 7','Contacto 22','3008159548','proveedor22@mail.com','Direccion 22','Inactivo'),(23,'Proveedor 1','Contacto 23','3002555396','proveedor23@mail.com','Direccion 23','Activo'),(24,'Proveedor 4','Contacto 24','3005167677','proveedor24@mail.com','Direccion 24','Inactivo'),(25,'Proveedor 3','Contacto 25','3006588304','proveedor25@mail.com','Direccion 25','Inactivo'),(26,'Proveedor 2','Contacto 26','3001764194','proveedor26@mail.com','Direccion 26','Inactivo'),(27,'Proveedor 4','Contacto 27','3007050301','proveedor27@mail.com','Direccion 27','Inactivo'),(28,'Proveedor 4','Contacto 28','3006333406','proveedor28@mail.com','Direccion 28','Inactivo'),(29,'Proveedor 8','Contacto 29','3006709009','proveedor29@mail.com','Direccion 29','Activo'),(30,'Proveedor 3','Contacto 30','3009731224','proveedor30@mail.com','Direccion 30','Activo'),(31,'Proveedor 5','Contacto 31','3008014748','proveedor31@mail.com','Direccion 31','Activo'),(32,'Proveedor 6','Contacto 32','3009222182','proveedor32@mail.com','Direccion 32','Inactivo'),(33,'Proveedor 2','Contacto 33','3004789134','proveedor33@mail.com','Direccion 33','Inactivo'),(34,'Proveedor 10','Contacto 34','3006977035','proveedor34@mail.com','Direccion 34','Activo'),(35,'Proveedor 4','Contacto 35','3006377535','proveedor35@mail.com','Direccion 35','Inactivo'),(36,'Proveedor 1','Contacto 36','3004569092','proveedor36@mail.com','Direccion 36','Activo'),(37,'Proveedor 7','Contacto 37','3008198105','proveedor37@mail.com','Direccion 37','Activo'),(38,'Proveedor 7','Contacto 38','3004094961','proveedor38@mail.com','Direccion 38','Inactivo'),(39,'Proveedor 3','Contacto 39','3005547586','proveedor39@mail.com','Direccion 39','Activo'),(40,'Proveedor 4','Contacto 40','3006837309','proveedor40@mail.com','Direccion 40','Activo'),(41,'Proveedor 2','Contacto 41','3001291306','proveedor41@mail.com','Direccion 41','Activo'),(42,'Proveedor 7','Contacto 42','3004489611','proveedor42@mail.com','Direccion 42','Activo'),(43,'Proveedor 7','Contacto 43','3008285214','proveedor43@mail.com','Direccion 43','Inactivo'),(44,'Proveedor 3','Contacto 44','3005831766','proveedor44@mail.com','Direccion 44','Inactivo'),(45,'Proveedor 8','Contacto 45','3002672548','proveedor45@mail.com','Direccion 45','Inactivo'),(46,'Proveedor 1','Contacto 46','3004120831','proveedor46@mail.com','Direccion 46','Inactivo'),(47,'Proveedor 5','Contacto 47','3004430878','proveedor47@mail.com','Direccion 47','Inactivo'),(48,'Proveedor 2','Contacto 48','3001169669','proveedor48@mail.com','Direccion 48','Activo'),(49,'Proveedor 6','Contacto 49','3002919038','proveedor49@mail.com','Direccion 49','Inactivo'),(50,'Proveedor 10','Contacto 50','3001574937','proveedor50@mail.com','Direccion 50','Activo'),(51,'Proveedor 2','Contacto 51','3008112075','proveedor51@mail.com','Direccion 51','Activo'),(52,'Proveedor 9','Contacto 52','3003571769','proveedor52@mail.com','Direccion 52','Activo'),(53,'Proveedor 5','Contacto 53','3005322833','proveedor53@mail.com','Direccion 53','Inactivo'),(54,'Proveedor 8','Contacto 54','3001943170','proveedor54@mail.com','Direccion 54','Inactivo'),(55,'Proveedor 6','Contacto 55','3006428799','proveedor55@mail.com','Direccion 55','Activo'),(56,'Proveedor 3','Contacto 56','3009946135','proveedor56@mail.com','Direccion 56','Activo'),(57,'Proveedor 3','Contacto 57','3003434896','proveedor57@mail.com','Direccion 57','Activo'),(58,'Proveedor 5','Contacto 58','3003602946','proveedor58@mail.com','Direccion 58','Activo'),(59,'Proveedor 9','Contacto 59','3005708551','proveedor59@mail.com','Direccion 59','Activo'),(60,'Proveedor 3','Contacto 60','3004696974','proveedor60@mail.com','Direccion 60','Activo'),(61,'Proveedor 8','Contacto 61','3008990365','proveedor61@mail.com','Direccion 61','Activo'),(62,'Proveedor 9','Contacto 62','3003510067','proveedor62@mail.com','Direccion 62','Activo'),(63,'Proveedor 4','Contacto 63','3005572278','proveedor63@mail.com','Direccion 63','Activo'),(64,'Proveedor 10','Contacto 64','3005188015','proveedor64@mail.com','Direccion 64','Activo'),(65,'Proveedor 6','Contacto 65','3005167433','proveedor65@mail.com','Direccion 65','Inactivo'),(66,'Proveedor 6','Contacto 66','3004101786','proveedor66@mail.com','Direccion 66','Inactivo'),(67,'Proveedor 6','Contacto 67','3006401359','proveedor67@mail.com','Direccion 67','Inactivo'),(68,'Proveedor 3','Contacto 68','3002054379','proveedor68@mail.com','Direccion 68','Inactivo'),(69,'Proveedor 4','Contacto 69','3006505014','proveedor69@mail.com','Direccion 69','Inactivo'),(70,'Proveedor 8','Contacto 70','3003876106','proveedor70@mail.com','Direccion 70','Activo'),(71,'Proveedor 8','Contacto 71','3006591875','proveedor71@mail.com','Direccion 71','Inactivo'),(72,'Proveedor 5','Contacto 72','3002912091','proveedor72@mail.com','Direccion 72','Activo'),(73,'Proveedor 5','Contacto 73','3007321528','proveedor73@mail.com','Direccion 73','Inactivo'),(74,'Proveedor 8','Contacto 74','3003436886','proveedor74@mail.com','Direccion 74','Activo'),(75,'Proveedor 10','Contacto 75','3008259173','proveedor75@mail.com','Direccion 75','Activo'),(76,'Proveedor 2','Contacto 76','3005600432','proveedor76@mail.com','Direccion 76','Activo'),(77,'Proveedor 6','Contacto 77','3006302128','proveedor77@mail.com','Direccion 77','Inactivo'),(78,'Proveedor 2','Contacto 78','3008463501','proveedor78@mail.com','Direccion 78','Inactivo'),(79,'Proveedor 3','Contacto 79','3008318650','proveedor79@mail.com','Direccion 79','Activo'),(80,'Proveedor 9','Contacto 80','3007741106','proveedor80@mail.com','Direccion 80','Activo'),(81,'Proveedor 7','Contacto 81','3007560721','proveedor81@mail.com','Direccion 81','Activo'),(82,'Proveedor 9','Contacto 82','3003546987','proveedor82@mail.com','Direccion 82','Inactivo'),(83,'Proveedor 7','Contacto 83','3006396368','proveedor83@mail.com','Direccion 83','Inactivo'),(84,'Proveedor 1','Contacto 84','3004794686','proveedor84@mail.com','Direccion 84','Inactivo'),(85,'Proveedor 1','Contacto 85','3004886059','proveedor85@mail.com','Direccion 85','Inactivo'),(86,'Proveedor 4','Contacto 86','3003280975','proveedor86@mail.com','Direccion 86','Activo'),(87,'Proveedor 9','Contacto 87','3008682183','proveedor87@mail.com','Direccion 87','Activo'),(88,'Proveedor 10','Contacto 88','3001912895','proveedor88@mail.com','Direccion 88','Activo'),(89,'Proveedor 2','Contacto 89','3009791116','proveedor89@mail.com','Direccion 89','Activo'),(90,'Proveedor 10','Contacto 90','3003763999','proveedor90@mail.com','Direccion 90','Inactivo'),(91,'Proveedor 1','Contacto 91','3003081532','proveedor91@mail.com','Direccion 91','Activo'),(92,'Proveedor 8','Contacto 92','3006148348','proveedor92@mail.com','Direccion 92','Inactivo'),(93,'Proveedor 1','Contacto 93','3005259878','proveedor93@mail.com','Direccion 93','Activo'),(94,'Proveedor 6','Contacto 94','3003733346','proveedor94@mail.com','Direccion 94','Activo'),(95,'Proveedor 5','Contacto 95','3005868063','proveedor95@mail.com','Direccion 95','Activo'),(96,'Proveedor 9','Contacto 96','3009863290','proveedor96@mail.com','Direccion 96','Activo'),(97,'Proveedor 2','Contacto 97','3007388629','proveedor97@mail.com','Direccion 97','Inactivo'),(98,'Proveedor 9','Contacto 98','3008168324','proveedor98@mail.com','Direccion 98','Inactivo'),(99,'Proveedor 1','Contacto 99','3002624406','proveedor99@mail.com','Direccion 99','Inactivo'),(100,'Proveedor 3','Contacto 100','3005669720','proveedor100@mail.com','Direccion 100','Inactivo');
/*!40000 ALTER TABLE `proveedor` ENABLE KEYS */;
UNLOCK TABLES;

--
-- Table structure for table `usuario`
--

DROP TABLE IF EXISTS `usuario`;
/*!40101 SET @saved_cs_client     = @@character_set_client */;
/*!50503 SET character_set_client = utf8mb4 */;
CREATE TABLE `usuario` (
  `id_usuario` int NOT NULL,
  `nombre` varchar(50) NOT NULL,
  `email` varchar(100) NOT NULL,
  `password` varchar(100) NOT NULL,
  `rol` enum('admin','empleado','cliente') NOT NULL,
  `estado` enum('Activo','Inactivo') NOT NULL,
  `fecha` datetime NOT NULL,
  PRIMARY KEY (`id_usuario`),
  UNIQUE KEY `email` (`email`)
) ENGINE=InnoDB DEFAULT CHARSET=utf8mb4 COLLATE=utf8mb4_0900_ai_ci;
/*!40101 SET character_set_client = @saved_cs_client */;

--
-- Dumping data for table `usuario`
--

LOCK TABLES `usuario` WRITE;
/*!40000 ALTER TABLE `usuario` DISABLE KEYS */;
INSERT INTO `usuario` VALUES (1,'Usuario 1','user1@mail.com','$2b$10$JnIKaZKbqr2zRlEsr3VN5OnTynFlFqVmaRC4b/zEU0oOC5zpp9Zui','admin','Inactivo','2022-03-11 00:00:00'),(2,'Usuario 2','user2@mail.com','$2b$10$ZrioEkFtY6MW5MK7fMf6iuI70SL9.TcEEZzqd2VMj3/M052EhOsdm','empleado','Activo','2024-12-27 00:00:00'),(3,'Usuario 3','user3@mail.com','$2b$10$ODSChs.xkTwZrciPn49cC.t7HAMC/FzQXFTRVFzxd6isuW5unotr6','cliente','Activo','2024-10-27 00:00:00'),(4,'Usuario 4','user4@mail.com','$2b$10$.TDbSs47gKLn87oDE9a9xeM8YeoA.T.91ZoPzp6a9fOQL1GGJn.x.','admin','Activo','2023-01-01 00:00:00'),(5,'Usuario 5','user5@mail.com','$2b$10$gOZdsV1VODTtHgNeW1nf.OV/t8IeGu44oLd5yuEZjbvAySJLY7/QK','cliente','Activo','2022-02-03 00:00:00'),(6,'Usuario 6','user6@mail.com','$2b$10$dtOKfTWBlavAH5Pc0Aj9YuNpnjwj9gLrIO95DqLZqAgsagiO36C06','empleado','Inactivo','2022-04-09 00:00:00'),(7,'Usuario 7','user7@mail.com','$2b$10$HoJ47h7HlY4zcj8sA86qremQ4snFvlYXlei9xN4zGSYkcSj9Lu/Ky','cliente','Activo','2022-10-29 00:00:00'),(8,'Usuario 8','user8@mail.com','$2b$10$lr/i24bd/BLew9lXYJx5AO1fePv46gGY70m.Xx75EwxlAWwA3DjIu','admin','Activo','2023-06-21 00:00:00'),(9,'Usuario 9','user9@mail.com','$2b$10$Q4Cbn2lBFJ.v0OTV5OGbt.U45.OfS3Dt5I.38WQDDuk6K8fCMWNQO','admin','Activo','2022-03-31 00:00:00'),(10,'Usuario 10','user10@mail.com','$2b$10$ir5Hw.qSLsTEvGzWpZkrvu5Gx2.LXlKbNrsDEt5tmJzCv7kccJNMK','cliente','Inactivo','2023-02-23 00:00:00'),(11,'Usuario 11','user11@mail.com','$2b$10$7oETErvOP/fyFcv7diUs6Opzy.qaRkS/DRJQW44ina1HJL7vBo1Hy','cliente','Activo','2022-09-01 00:00:00'),(12,'Usuario 12','user12@mail.com','$2b$10$NLbYuRZBSQ//EcD3AaEI7eZcHiDav4dc6mVzFHfeGE2GBHLEKuwtC','cliente','Inactivo','2022-06-17 00:00:00'),(13,'Usuario 13','user13@mail.com','$2b$10$uf44IexQoly1YtaNyP.AGuIac/rzY8DO9zrApF/18nBWfJ1ArJmvq','cliente','Inactivo','2024-04-21 00:00:00'),(14,'Usuario 14','user14@mail.com','$2b$10$CHmqQRqusAYtj7LDifJDseR87Vm3Hzs7NpYseTBf1ggOJmd05sDZy','admin','Activo','2022-10-12 00:00:00'),(15,'Usuario 15','user15@mail.com','$2b$10$DuUNMSigEEc.VN8GET/FoelJGwgbCS8tfAR5DUBAFthbZe7y90jwG','empleado','Activo','2024-07-19 00:00:00'),(16,'Usuario 16','user16@mail.com','$2b$10$ap2RogfCD8RM24Z3A6FSbuurIZ42LBJ0qm5huSlbCHmw2hkVUnxae','cliente','Inactivo','2023-12-09 00:00:00'),(17,'Usuario 17','user17@mail.com','$2b$10$R8KWvBZqexyDkd3fneD/U.E4cWi8MAqg.ZVZj/BHO9rG2vkiVH9Uq','empleado','Inactivo','2023-12-22 00:00:00'),(18,'Usuario 18','user18@mail.com','$2b$10$WgAMdTK9yk5ssxswQkXMYug/zl19GpKRHOTdzZyFZ0OSTJ04R3Msm','empleado','Inactivo','2022-08-23 00:00:00'),(19,'Usuario 19','user19@mail.com','$2b$10$lctrorRP1SUCRoicCxF4Yec7UMFOWwcC.JCIULpRi.zPuZWbAxAgS','empleado','Inactivo','2023-12-20 00:00:00'),(20,'Usuario 20','user20@mail.com','$2b$10$yDcSQo9K436fe1yLGSVlSOJy3WaNDQLJHfBuBucwCMxylOGdCMo/a','empleado','Activo','2024-06-08 00:00:00'),(21,'Usuario 21','user21@mail.com','$2b$10$9I0rnUxKbvhQcC8mzFwa3eXIMuljqGAx3Ajp0NhuYkOJkRrnIVXGK','admin','Activo','2024-02-04 00:00:00'),(22,'Usuario 22','user22@mail.com','$2b$10$DIsu7y/9BL3l1xLttyuox.uofcEOE0FkccRgQjvmPPfjTce.Ork3K','admin','Activo','2022-09-15 00:00:00'),(23,'Usuario 23','user23@mail.com','$2b$10$I1pgvCTiFFEcezxOGYqCaeNPA4Z7vvO4PgnHwHFS8HdKP7ZvjGcdi','cliente','Inactivo','2024-01-16 00:00:00'),(24,'Usuario 24','user24@mail.com','$2b$10$A6Cx0XVv.SqW.Nq3WxlhTObeo6Dfyv.eP4tGzYy1R1LJhmcPy3rsa','admin','Inactivo','2023-02-19 00:00:00'),(25,'Usuario 25','user25@mail.com','$2b$10$nzEOWp4ywcuST4JJXJa3ue.dMzyDDi1coNwEbKOy6BFq/rrlWbHC.','cliente','Inactivo','2023-02-18 00:00:00'),(26,'Usuario 26','user26@mail.com','$2b$10$2E7/M199soX9dEWSUbq.QesITuGRqwWc1FMUndXfZR93hjlInRZDi','admin','Inactivo','2023-12-01 00:00:00'),(27,'Usuario 27','user27@mail.com','$2b$10$d5vQo2wBgWJTrqc3AvJBP.r60muuBHtrF.18kgsw0lZ49Ruwm2zZK','empleado','Activo','2022-08-25 00:00:00'),(28,'Usuario 28','user28@mail.com','$2b$10$RqVUH7sjnaFY9GPBs56XROFeBJSXZ1n6Ye.9wDpxf6Fz2Tz.Ci/I2','cliente','Inactivo','2023-10-11 00:00:00'),(29,'Usuario 29','user29@mail.com','$2b$10$7qjstdmlfB92nLNikjCAMOb2QUZ7ZJJ2ejvv6Exx2txT5Un3PGl7S','empleado','Inactivo','2023-02-02 00:00:00'),(30,'Usuario 30','user30@mail.com','$2b$10$e16/B1WWH2ER9aP24gtHAuOls7s4QZxXNdxrTHf5eCFOLiCgTo/6K','admin','Inactivo','2023-04-10 00:00:00'),(31,'Usuario 31','user31@mail.com','$2b$10$92/CC2CtCdMERHhbFiwqKezA9rUSSJSDt.Q9SMqBkLadeA7y0zpSG','cliente','Inactivo','2022-09-04 00:00:00'),(32,'Usuario 32','user32@mail.com','$2b$10$P9fASJWuN7mT7YHEnRguE.Z0Fdk4hdJLb45jrGt0RyBWv1lAjD7iS','cliente','Activo','2023-09-29 00:00:00'),(33,'Usuario 33','user33@mail.com','$2b$10$zKHgEELDZhXQE6hy4u9jEeXzYs/IYoS1oq2/HAISCckrV3aDyGbRq','admin','Inactivo','2022-10-28 00:00:00'),(34,'Usuario 34','user34@mail.com','$2b$10$i2aSAZA5UAvrAWXxnAL6Qe/ZlOq.RCZm7s5kDXHW33nMPnBNnCSJu','cliente','Inactivo','2022-11-13 00:00:00'),(35,'Usuario 35','user35@mail.com','$2b$10$6Qmrmv0EmF761.Xd2.rN3u.Jc4BfGleE.yvsvEoXcTvWqI7Hu.lTO','empleado','Inactivo','2022-01-14 00:00:00'),(36,'Usuario 36','user36@mail.com','$2b$10$cylVpaJyFpIF1/VJ9cClIO7QszfM/F7t10nC34Vq/mTq6XcZf8nQq','empleado','Activo','2024-02-21 00:00:00'),(37,'Usuario 37','user37@mail.com','$2b$10$2kwUSc/HqhP3PiFqKewmWeYmEj.qvTqtm17xyUOwcrHxPKg8iMTKi','cliente','Activo','2022-06-23 00:00:00'),(38,'Usuario 38','user38@mail.com','$2b$10$GnPRWh/R8vdqKW/dXKZws.ZUy9biNr7U6yCde34Or3HZsSRkeqzR.','cliente','Inactivo','2022-10-30 00:00:00'),(39,'Usuario 39','user39@mail.com','$2b$10$o6BpdgZII4c3aPYjpemujOwFkO/XGiC9/MTnSntXi.ktPvdkPWyPm','cliente','Activo','2023-05-17 00:00:00'),(40,'Usuario 40','user40@mail.com','$2b$10$AS1DMP6xAbbUz/wkuIV/pub75EozWiyIgV0vxKnRs0.uE35p9jdEW','empleado','Activo','2022-04-29 00:00:00'),(41,'Usuario 41','user41@mail.com','$2b$10$ns7gSxWTwVRp4Uh4W5m85emN2YpzODnFFNzqVmXouxfyRWRErpFwW','empleado','Activo','2023-06-28 00:00:00'),(42,'Usuario 42','user42@mail.com','$2b$10$uDNuBv.6gE2jJjuvvC6aiOBHp46pwpqbwCdynQ1USZUCGyU9SFYF6','empleado','Inactivo','2023-11-02 00:00:00'),(43,'Usuario 43','user43@mail.com','$2b$10$6yNfbCwZGprzdPjRVhIHLOxYShOXi.yP1LkbR6RpTYUN3DkgUdIlS','admin','Activo','2024-10-21 00:00:00'),(44,'Usuario 44','user44@mail.com','$2b$10$oXOtD3lnVyR42l56ihsLmeAkxvrqCM8c76.jl4Hnzq0NJR3QVHNbi','cliente','Inactivo','2023-05-21 00:00:00'),(45,'Usuario 45','user45@mail.com','$2b$10$JD8kUddnXsHdP1CZy/ujo.AbzcEv4Omdmxw76nK3.GCnJ82jPk7Wa','cliente','Inactivo','2024-07-27 00:00:00'),(46,'Usuario 46','user46@mail.com','$2b$10$UjCpwrT.ShHz5XW5xV1s3u03Jn8Ln7nNw63RDQZnpKE2sihjvE8hq','empleado','Inactivo','2024-06-17 00:00:00'),(47,'Usuario 47','user47@mail.com','$2b$10$DKaY75KaU04N70XHQd.fpeOV24staiockfkf1xZHrmvl36Hv00.7q','empleado','Inactivo','2024-09-17 00:00:00'),(48,'Usuario 48','user48@mail.com','$2b$10$fpIFiPqve7pZLfpRlG8CGO1DTErnb7RNJQT5R4fQSOsyOU6OelXWy','empleado','Inactivo','2024-06-03 00:00:00'),(49,'Usuario 49','user49@mail.com','$2b$10$FSb1XmjRoVCbLj82Qh5IHeP4fMmhikIoyeZu8u8mt6Q4lBMRePs1a','cliente','Activo','2023-05-05 00:00:00'),(50,'Usuario 50','user50@mail.com','$2b$10$wzV5LfRNofRc6cV7Js2lFOvlvxBBMLMBe3PMGECmzEcCoqGldjIii','empleado','Activo','2022-03-13 00:00:00'),(51,'Usuario 51','user51@mail.com','$2b$10$peS.f53gBNpLeTrUAFDK4uh4Z2r9re9uMhQ7MdMpkZ/p6Yc67.1/e','cliente','Activo','2023-01-21 00:00:00'),(52,'Usuario 52','user52@mail.com','$2b$10$w6EDr9Icja2ccc17DSOGzeSrVNh.3QevTZgj5YF46iaxTgvQDje0u','admin','Inactivo','2023-09-08 00:00:00'),(53,'Usuario 53','user53@mail.com','$2b$10$bYpO0dosCO/yUKE76Q8CgOT2LdDM8ii1PBNHYXGvMZKn2KjIcBcQC','empleado','Activo','2022-10-14 00:00:00'),(54,'Usuario 54','user54@mail.com','$2b$10$Q3opMcqz0Q0PEIL.TudxNeK5hrjkCq6T6pFDgQhCnGFtWKOiX4eHW','cliente','Activo','2022-08-07 00:00:00'),(55,'Usuario 55','user55@mail.com','$2b$10$AONCXi.JyZCm4Klumae9wOgZ4wzXV4qbdLjC6je5sLZYGfAxbW8GK','admin','Activo','2023-12-04 00:00:00'),(56,'Usuario 56','user56@mail.com','$2b$10$yUeUTBBgrov..ZoTWxFEQOtv/urbcl0fySJ5bvE2cN1v.ad.1HSKC','cliente','Activo','2022-11-02 00:00:00'),(57,'Usuario 57','user57@mail.com','$2b$10$AQSoCh/3IlRrxSsaprCvxex9WtwsjDRy3m1tyT3JFmgMp1AgFo.bC','admin','Activo','2023-05-02 00:00:00'),(58,'Usuario 58','user58@mail.com','$2b$10$8g4kVNFP1MdzypQeTeXEl.MiTVlH.XPBs.zJ.ffptoToor.6c30k6','cliente','Activo','2022-10-25 00:00:00'),(59,'Usuario 59','user59@mail.com','$2b$10$E8HQy4oNcoXONac.zpnhA.s6Jq.tinHORoQu4m2H/SjfFEhCpPKBe','empleado','Inactivo','2024-07-03 00:00:00'),(60,'Usuario 60','user60@mail.com','$2b$10$ccP82DHSlNTP1ppWLSbm..hV9xKgqNIRsw5LwSZmGbG3kiC1Zvq2e','admin','Activo','2024-07-16 00:00:00'),(61,'Usuario 61','user61@mail.com','$2b$10$MUjjZdSEOIxaqxkaOgTZ5OdJOMYSluXAJG3FPZ/LXVXdHGkYu0psK','cliente','Activo','2022-06-03 00:00:00'),(62,'Usuario 62','user62@mail.com','$2b$10$HoU7a.IGYvfP3ESdEVUuke/qm7m0sZWdLc1dcnLMrzM.HpSMzZn1a','empleado','Activo','2024-01-06 00:00:00'),(63,'Usuario 63','user63@mail.com','$2b$10$lmMt71NBaojaTNnnwAdwWef2VKiJDF1SFu8SSy2p2JcKjFtOOoir6','admin','Activo','2023-12-25 00:00:00'),(64,'Usuario 64','user64@mail.com','$2b$10$KAz.EloR..Sw7vmKufEnjekJbdufqHRjPSYm3Ju9JvwjkdUk2wnLa','cliente','Inactivo','2024-10-05 00:00:00'),(65,'Usuario 65','user65@mail.com','$2b$10$eikP.RLbT/.mrU3hHpedY.b5mu9Oet6GcvQYXbZl8XGXayxrlBW/.','admin','Inactivo','2024-08-24 00:00:00'),(66,'Usuario 66','user66@mail.com','$2b$10$SE.8AGk.w7624/mGTCY1xuG2KG7YhEQZslNbsk01pdYVuoT2jZhMG','empleado','Activo','2024-08-31 00:00:00'),(67,'Usuario 67','user67@mail.com','$2b$10$wvS8uDimaDnoHr2sYZFBtu.sNkJJk15IF.G43AERT.Tmj7.aaGSBe','admin','Activo','2024-10-22 00:00:00'),(68,'Usuario 68','user68@mail.com','$2b$10$vBKVZpjilHhHItEDAcL9K.cGekiJzl1GCqJPL7I47mWTPxworUQtG','cliente','Activo','2024-07-01 00:00:00'),(69,'Usuario 69','user69@mail.com','$2b$10$DtuIWWn3WH.m9R9VoH3brewiF6qBHRsDnOuaUvuS5EfOylRbHeGaK','admin','Inactivo','2024-10-15 00:00:00'),(70,'Usuario 70','user70@mail.com','$2b$10$rhCPkizUuSzvAIihvKoi2ukDHVJ4LcWv8W2TY3hPU7PVWVfcnk7ty','cliente','Activo','2022-10-22 00:00:00'),(71,'Usuario 71','user71@mail.com','$2b$10$Rivla3QPwe.SAS4PO1j7VO47QM.7UuR0HZMl92m1nSYChiPBO23Zy','admin','Inactivo','2024-12-07 00:00:00'),(72,'Usuario 72','user72@mail.com','$2b$10$Sc/cKyGFXs6IaHtYdq90zuzb5GbkCu1UbzHRq00ZsDnQeYOYkKgsm','admin','Inactivo','2024-09-09 00:00:00'),(73,'Usuario 73','user73@mail.com','$2b$10$BH9jYNyHWqFFOxE1bqoYMOfLjnndWOAB8ZFSonuGyWJnApHUWdeRa','admin','Activo','2024-12-11 00:00:00'),(74,'Usuario 74','user74@mail.com','$2b$10$zMVUlxTH/Lh3fKKU2nhU1unEV.n3sEvDZGAg1qh423Rs0lo1tVVwa','cliente','Activo','2024-09-12 00:00:00'),(75,'Usuario 75','user75@mail.com','$2b$10$NYINWSp/1G4FPO7VI27sbejQ09foAOu4t8A0OYqf.KJ2rKpyfxLSa','admin','Activo','2022-08-13 00:00:00'),(76,'Usuario 76','user76@mail.com','$2b$10$Bu2GEuiPHqx2KoPXnT1DMeyEc2/iTiDRpSZEbD1TO2PJrQWMrSoA6','admin','Activo','2024-03-06 00:00:00'),(77,'Usuario 77','user77@mail.com','$2b$10$3ZpY/1Txnc73iepH3sbCAeIs/X/oyRSaJh4NenYw8jJSenFFHh7PO','admin','Inactivo','2022-07-15 00:00:00'),(78,'Usuario 78','user78@mail.com','$2b$10$jhG8d6EzWwup.PKkvCgONuH.Vw2yBBjcyyuYbhKSGbtnIkVhGz4Qu','empleado','Inactivo','2024-06-12 00:00:00'),(79,'Usuario 79','user79@mail.com','$2b$10$1qxnfbWuXAd7t.pYE16pD.XPAVTG68Iie9oWuLYs6/RKqZB5i17K2','admin','Inactivo','2022-09-02 00:00:00'),(80,'Usuario 80','user80@mail.com','$2b$10$FzHqh5INVdCYfkTtlbLcLeLvog6mjJ41abzULyUjRCFp8Ow8dNIVq','cliente','Inactivo','2024-10-21 00:00:00'),(81,'Usuario 81','user81@mail.com','$2b$10$4uWdyI4FDO2mx5zA7VZIpeiM78rpDp0tpfhUTMhzlwuEyGQZN7Hc2','admin','Inactivo','2024-02-27 00:00:00'),(82,'Usuario 82','user82@mail.com','$2b$10$baZP05YszdAsFvhLZZeT5OPQ70iFqfKF0aHX.3OKEH5fXpVaoRTrC','admin','Inactivo','2022-07-11 00:00:00'),(83,'Usuario 83','user83@mail.com','$2b$10$ocIp5cH4I9/rBWCyrhA7IOctEQmZr7U80ZhEivGRkzx87.vc6HoEa','cliente','Activo','2023-03-14 00:00:00'),(84,'Usuario 84','user84@mail.com','$2b$10$vPpra33s5MGkPmjN9IJ69uOsG1qclq/LzgPkRlbibvu/kXnXndZH2','admin','Activo','2023-02-20 00:00:00'),(85,'Usuario 85','user85@mail.com','$2b$10$W61mvwtH9zYMBzKPrg2yi.NN7UFEszljeWPvJdzW4Du7bobWVhrtK','admin','Activo','2023-05-30 00:00:00'),(86,'Usuario 86','user86@mail.com','$2b$10$l.PRPkmxpXiEAumf976B1uj2CAyAqGQ1eXOKVzPPUh/MVbLDaWtzK','admin','Activo','2022-10-29 00:00:00'),(87,'Usuario 87','user87@mail.com','$2b$10$1R22WfkMhJVED/8Ucn1d4OMSipiEsQqV14dvbjstKyXCtg39wY7aq','admin','Activo','2024-02-06 00:00:00'),(88,'Usuario 88','user88@mail.com','$2b$10$wdxr8HXyFM/CfiP.Nav07ewkHPuoIVCa9rIhb6X1oXd/OQ5zEUc7K','cliente','Inactivo','2023-02-09 00:00:00'),(89,'Usuario 89','user89@mail.com','$2b$10$ZxxC7pFCAGWXNHGJb29h2ebxTc303VuLL0brusdRVu4/8TBAWFAZC','cliente','Inactivo','2024-12-23 00:00:00'),(90,'Usuario 90','user90@mail.com','$2b$10$2.5kdGRXryAqSQtL3vZ2nOStg3AxSq4/inFkmk7dagTpm8AFwTXI6','cliente','Inactivo','2024-10-20 00:00:00'),(91,'Usuario 91','user91@mail.com','$2b$10$.4nX102HUhv.yi/K4bYJ4OaDTt2EIfeEwbJEbAwPz59gB/3Db8we6','empleado','Activo','2022-03-07 00:00:00'),(92,'Usuario 92','user92@mail.com','$2b$10$0r/qOOVlphOcZSnJiZ6E8.yH9HVCHXPDUlP8wHO1Gql7MMCI8N57u','cliente','Inactivo','2024-11-08 00:00:00'),(93,'Usuario 93','user93@mail.com','$2b$10$Sdmn18rqlgERoXIt1Sd1keCEGpUnAmqPzeLa8So8EvnElRTNHqj2i','cliente','Inactivo','2024-04-25 00:00:00'),(94,'Usuario 94','user94@mail.com','$2b$10$eqkIqMCRB7hvOC68PDelnOhPpZVla/T57Ry5Pzzq3o0l3wcYjNanS','admin','Inactivo','2022-03-12 00:00:00'),(95,'Usuario 95','user95@mail.com','$2b$10$BoWA6SMNEeRpW9A2nJQrde4dfZo4oaPZLiSrmR3LV073279ofFlfK','empleado','Activo','2022-06-26 00:00:00'),(96,'Usuario 96','user96@mail.com','$2b$10$KB6miba/QxOAuiklggUbEu.8/ME.2DgW8oAMCSREvGA4vTHVDbj/.','empleado','Activo','2024-12-05 00:00:00'),(97,'Usuario 97','user97@mail.com','$2b$10$HbhHWHjh07wdiOvkLy8oE.hRhGcCcSMqYoT7.a6LOSxJgd4clY65y','admin','Activo','2022-08-28 00:00:00'),(98,'Usuario 98','user98@mail.com','$2b$10$.Tfn1AOp6ZYl.8Dw2njpA.Hg/oHDd2mykrytF7xMzSjcNeahfc1.6','cliente','Activo','2023-10-16 00:00:00'),(99,'Usuario 99','user99@mail.com','$2b$10$nGJdiY.q9UVrEOx0L9DmEe7EwbNMs8QP9/4EsdT5tT6AZdcT3E7yy','cliente','Activo','2024-06-24 00:00:00'),(100,'Usuario 100','user100@mail.com','$2b$10$Fl5P9iB/VE9TbM0ZjRBJf..9uimxD2k3Q1KDiYE6/hZbugBjPOBoq','admin','Activo','2024-07-05 00:00:00');
/*!40000 ALTER TABLE `usuario` ENABLE KEYS */;
UNLOCK TABLES;
/*!40103 SET TIME_ZONE=@OLD_TIME_ZONE */;

/*!40101 SET SQL_MODE=@OLD_SQL_MODE */;
/*!40014 SET FOREIGN_KEY_CHECKS=@OLD_FOREIGN_KEY_CHECKS */;
/*!40014 SET UNIQUE_CHECKS=@OLD_UNIQUE_CHECKS */;
/*!40101 SET CHARACTER_SET_CLIENT=@OLD_CHARACTER_SET_CLIENT */;
/*!40101 SET CHARACTER_SET_RESULTS=@OLD_CHARACTER_SET_RESULTS */;
/*!40101 SET COLLATION_CONNECTION=@OLD_COLLATION_CONNECTION */;
/*!40111 SET SQL_NOTES=@OLD_SQL_NOTES */;

-- Dump completed on 2026-05-08 20:58:48
